spotify_track_id,title,artist
5tEaVciE2GnR28aN6W9cLS,FUK SUMN,Â¥$
3w0w2T288dec0mgeZZqoNN,CARNIVAL,Â¥$
347AQK5Lyhn6RvB8tBGYxt,STARS,Â¥$
04CyMEHliadfQWMUJb1w99,BURN,Â¥$
2y4ZR0BUAVePljHSsZyIgj,PAID,Â¥$
7hVb3OyFkgxDgpTdrOX6dT,KEYS TO MY LIFE,Â¥$
2z9iLlNBt1aLZUCFgXby97,CÓ CHẮC YÊU LÀ ĐÂY,Sơn Tùng M-TP
4qJSUFwZFouto5VZUlln75,Thích Quá Rùi NÃ,tlinh
1mKDbug8bbfDmLe7I4CJpe,Gác Lại Âu Lo,Da LAB
7LVrrX8pkzI9fMF88nGabt,Đi Về NhÃ,Đen
6A1IbMKwjvXibcrU1sdqKH,Em LÃ,MONO
2xOhv7XudrBDtkID1jwsFE,Từng LÃ,Vũ Cát Tường
2wZAvkgiOE5tyrnqhB69KA,Âm Thầm Bên Em,Sơn Tùng M-TP
26zqmmkqUK6mCc87XDzPym,CHÂN THÀNH,"ANH TRAI ""SAY HI"""
34FhBswjcDbFzGx8zcPqoj,GÃ SĂN CÁ,"EM XINH ""SAY HI"""
