spotify_track_id,release_date,album
5QO79kh1waicV47BqGRL3g,2020-03-20,
2Zr0bYRHwWXi7eM2wuE6Aj,2020-11-21,
4SFknyjLcyTLJFPKD2m96o,2020-10-02,
3aQem4jVGdhtg116TmJnHz,2021-03-05,
6Im9k8u9iIzKMrmV7BWtlF,2020-10-30,
2dHoVW9AxJVSRebPRyV2aA,2021-03-12,
5KawlOMHjWeUjQtnuRs22c,2019-04-12,
0n2moJpAEWHwaPYYjkzMDl,2020-11-20,
3eZYOQO4UzKrUDYDghtnFw,2021-02-19,
0CnpSTdL9l5vQM4YnzXtyo,2020-12-07,
2dkFOWqyiVFS3xsQUEdBJG,2020-02-01,
0ono6UCNVZ1XqOm6j78Blu,2020-02-21,
6F2r4HgpJnvKDmkN6JEN6J,2021-03-19,
3apeXzypBMnUfYcZYNX6DH,2020-10-26,
3J8EOeKLTLXORtWPpOU5bE,2021-04-02,
1t2qYCAjUAoGfeFeoBlK51,2020-11-17,
6kH1sKkvgN4Yikake52glq,2020-08-14,
6YvqWjhGD8mB5QXcbcUKtx,2021-04-09,
5zFglKYiknIxks8geR8rcL,2021-06-11,
6tDDoYIxWvMLTdKpjFkc1B,2020-12-04,
7K31QxS2DmTBxdYldd8yqf,2020-12-05,
6FdShjf7nA2cqEnpv1tIia,2020-10-12,
02MWAaffLxlfxAUY7c5dvx,2020-08-06,
4vTgx6h4seHvkuFh84JXYP,2020-02-21,
0SJ7vFES0Lj6pnumh3DhCe,2020-05-22,
44WLOqH7QayQOQdeUHeKUK,2020-02-21,
22ryCgQttpV7oCrn7llGRu,2018-05-18,
1Q6lzzQHM5dvtTCwcfeKDy,2021-02-16,
39EXZNMxb4RBHlRjnRaOKp,2020-03-13,
6ocbgoVGwYJhOv1GgI9NsF,2019-02-08,
7FdUvDkaE24o3FPIWTvzv2,2021-03-12,
09IStsImFySgyp0pIQdqAc,2018-01-23,
6f3Slt0GbA2bPZlz0aIFXN,2020-09-16,
2M7a2Us8CEU1HZHj70byGX,2021-03-25,
3Z8FwOEN59mRMxDCtb8N0A,2020-05-01,
5uHrWZqndnheP1qtYr6xGC,2020-05-22,
6SvC0ocJPoolWLaEV8UE58,2021-03-18,
6Qs4SXO9dwPj5GKvVOv8Ki,2019-01-11,
0EQMrxdeiBhry9JCxskko3,2018-08-24,
0rNLaGUleZ91DXMxmZNq5v,2021-03-01,
46wDG6evLn2iPoQ0F8CUWk,2021-03-25,
6B8MM3PVQtUbZLay7tP7er,2021-05-10,
5qNh5WtzMbfpSj2jLlBkoD,2021-04-29,
4iJyoBOLtHqaGxP12qzhQI,2021-03-19,
2pn8dNVSpYnAtlKFC8Q0DJ,2021-03-12,
2zrhoHlFKxFTRF5aMyxMoQ,2021-05-17,
7MAibcTli4IisCtbHKrGMh,2021-03-05,
5xrtzzzikpG3BLbo4q1Yul,2021-03-25,
3UHPGOkUcE4hE7sqBF4Snt,2021-04-01,
1e0Wxoraz9IzFhREDqgJAe,2021-05-21,
0z3ZZ2JKusRpapstADTxVf,2021-05-10,
1IJxbEXfgiKuRx6oXMX87e,2021-03-25,
6HU7h9RYOaPRFeh0R3UeAr,2021-05-21,
3VT8hOC5vuDXBsHrR53WFh,2019-06-07,
2MJz8BxxMsERULatmBikDH,2021-02-12,
03qu1u4hDyepQQi2lNxCka,2021-05-14,
42fR3oINF3KfXCDtheoNiY,2021-06-07,
0BBUGRUURDjwcXmDS3kQkN,2021-04-12,
4rOODw637hsmsq0uzT0DN3,2021-05-18,
1wcr8DjnN59Awev8nnKpQ4,2021-04-26,
18vXApRmJSgQ6wG2ll9AOg,2021-06-11,
34eF4BoV8FPk0uhAAoqU7h,2021-05-21,
3vG5ilGpaYA2MhVtyTORF1,2021-05-10,
1EHUQesfVKwbthtNcpBi9g,2021-04-30,
4JJcP0Rv9AgyPD6ZGaC8EE,2021-04-30,
5hnbE5BF2e8BCk9OMR1UVC,2019-04-12,
6JdS5rJvJaRA7B1tcm7kxZ,2019-04-12,
1Zsy7gMUcHDhxC0bbyZmC2,2021-06-01,
0CyydmXI4QhgUWrZsPOTXA,2021-04-05,
2lwOE4xj0tw2Bpjc6wmzUP,2021-05-31,
5W8jRrZ6tWrTrqnKRtIQBf,2021-05-14,
6mzkkz2p0Nyyp43Eedv4mS,2020-05-15,
3iPbmpKBMflYd7UjdYftoj,2021-06-09,
0tgBtQ0ISnMQOKorrN9HLX,2021-07-16,
3JR0ducCexKbeK47g6AHm5,2021-08-27,
4ZtFanR9U6ndgddUvNcjcG,2021-05-21,
5nujrmhLynf4yMoMtj8AQF,2020-03-27,
0RbW8kWozrVSIGb4V13o0o,2021-08-29,
4t2FIqZJORKZGSKg30SShr,2021-07-26,
50nfwKoDiSYg8zOCREWAm5,2021-10-25,
40uMIn2zJLAQhNXghRjBed,2021-07-09,
46HNZY1i7O6jwTA7Slo2PI,2021-10-15,
6txVOdSbg928oeGhlVUrdK,2021-09-17,
6cqH1q7g5GeRVQVMK1Vc7f,2021-07-06,
40iJIUlhi6renaREYGeIDS,2021-09-03,
59c0HrzmHfyQs6LgDw5cHe,2021-09-24,
4Cgct9Vlype9cYZFW2wSnk,2021-07-26,
2gbMPBrBVj3CuNTLp2dHYs,2021-08-29,
5BXr7hYZQOeRttkeWYTq5S,2021-04-08,
2sXf2JdbB2GlNju00kw9WE,2021-07-30,
3Vi5XqYrmQgOYBajMWSvCi,2021-06-25,
2VJOpzv5sBpstCX9venJr5,2017-03-07,
1c3WMOE7Q0dCFN6bjT8KWo,2021-07-26,
2FymmKBuog0loCuNXMwQID,2021-06-18,
44V6EzbUSYgyfsNiP0FrlA,2021-08-19,
0k1WUmIRnG3xU6fvvDVfRG,2021-09-03,
5g6GKZXBoEnPmBl6G261CG,2021-09-10,
2ygvZOXrIeVL4xZmAWJT2C,2020-07-30,
34D6FJysnQioVingDKufuf,2021-09-03,
2TJ1FOCmCBkKm418MjVw5D,2021-08-29,
0DHh3p0g7qmNNfNdRNwL6N,2021-07-30,
3hB5DgAiMAQ4DzYbsMq1IT,2015-11-13,
2kJwzbxV2ppxnQoYw4GLBZ,2019-10-17,
42m3eP1JJhtzffal9B136J,2021-09-03,
4ZB2yAZyPHI6SHdFPPT9sa,2021-08-20,
5u1n1kITHCxxp8twBcZxWy,2020-09-18,
39382sUtIOwIXftX0i76do,2021-09-09,
7n2FZQsaLb7ZRfRPfEeIvr,2021-12-01,
2eLe81VDUQ5f0xFfc9cMWz,2021-11-13,
5eXBXreN3d1zdj6Sa8dS0u,2021-07-23,
4MokmgyM83qhJ6IAaChom5,2021-12-12,
2g0LdZQce9xlcHb1mBJyuz,2021-10-19,
7sMBvZCSUl99bJLXZaLa0b,2021-11-11,
5g2Ik0WJG9rqu97nCLcQhV,2021-11-20,
00Blm7zeNqgYLPtW6zg8cj,2021-11-05,
3dbLT62Cvs46Ju7a8gpr36,2021-10-05,
6hHrPwQYGp9kPL7xLZviBS,2021-12-10,
4XI5Kdm1zdSFxdIGd9xUVT,2021-11-20,
4fouWK6XVHhzl78KzQ1UjL,2021-08-13,
4t3Vgfjl9Sb6ZR5q5kGOUL,2021-12-04,
2J0TRU2EDG29qlmxdGa4xa,2021-11-12,
2bZIDMpzVooosmPHn0tHnd,2021-09-06,
7hU3IHwjX150XLoTVmjD0q,2021-09-10,
3DarAbFujv6eYNliUTyqtz,2021-06-25,
5UJTNrW72ZMubW2wKBf8g2,2021-11-06,
0eu4C55hL6x29mmeAjytzC,2021-05-28,
5enxwA8aAbwZbf5qCHORXi,2021-11-12,
7gXMkqirKU23zgdlSAb00a,2021-05-02,
1jRYyE9MEg7nxUgWEtsqFp,2021-05-21,
7xapw9Oy21WpfEcib2ErSA,2011-01-01,
37BZB0z9T8Xu7U3e65qxFy,2021-04-23,
0hUH6MXHQn9coBKHMXWpD8,2021-12-14,
79IikGOqOg2Rnnz0Fo5Qao,2021-12-14,
4HBZA5flZLE435QTztThqH,2020-05-08,
1nahzW3kfMuwReTka28tH5,2021-03-19,
6lzc0Al0zfZOIFsFvBS1ki,2021-11-12,
1OQ3PoRZRtE7RH0NIh3p1O,2021-12-07,
6LXNnUjcOBVyov7bH0NNnM,2021-12-04,
3wKCldl6riuEKxXlvuxFJ2,2021-08-03,
4aS8OY1JsRSBKGfnAkIOZH,2021-08-06,
4KDNRh9Oor80z3XIxdWlui,2021-10-15,
2y4hHM6c48Qzk0bqh33XfB,2021-12-29,
3AVXwaOGCEL8cmBecfcsFJ,2022-01-19,
559f8rcNNZW07wz5Rfxnfh,2022-01-17,
02SbQgZbzMoylPoGr32ugF,2021-12-29,
3gFcGnU4kTdMYLXDjH1TK8,2022-02-21,
6rVCUwfnuYTAsX4P9fIdIu,2021-12-20,
5PjdY0CKGZdEuoNab3yDmX,2021-07-23,
1GFS1xMbcAWXf5W0tSuZev,2021-11-20,
5Z9KJZvQzH6PFmb8SNkxuk,2021-09-17,
2bgTY4UwhfBYhGT4HUYStN,2021-06-04,
3KyKxJ4P3pVCgaZwaq2rUC,2022-01-06,
7CAdT0HdiQNlt1C7xk2hep,2022-02-11,
1HhNoOuqm1a5MXYEgAFl8o,2021-09-03,
5elW2CKSoqjYoJ32AGDxf1,2022-01-10,
6N1K5OVVCopBjGViHs2IvP,2022-02-11,
7h5MKRZUiYDshjH5UgAbNp,2022-03-21,
56Tn22SAFIGYpyHrf7TV0X,2021-12-29,
0hQNbQKW2dDATH1ngj4TI6,2022-01-03,
4QDpsNBlllaLGj8zbF2EE0,2022-03-18,
7uoFMmxln0GPXQ0AcCBXRq,2018-11-01,
1t8sqIScEIP0B4bQzBuI2P,2022-03-14,
2xo84jGkxFPrZmmBtS3Pkd,2022-03-18,
2FKtn8qQx84O85wWABOwpd,2022-03-03,
6f5ExP43esnvdKPddwKXJH,2021-09-24,
0u7b8p0mxUUNT7xeuYUtlP,2021-03-26,
4Sav8RLaXMBpTZX6xNPj0K,2017-11-24,
3jHg6QE70y2FTdnsxSrCbv,2022-02-23,
3LEgGAl9zLcQWGTp7ptqtQ,2022-01-07,
37rnSr2ZCkzqmoUqGQtn4q,2021-12-24,
5nfb7IPrj9awskmLFSykWr,2004-01-19,
08xMOoUaMWWlNStVUdBTBC,2022-01-25,
6xGruZOHLs39ZbVccQTuPZ,2022-06-10,
5oH4DQAuu1J1800RzUsBWa,2022-04-29,
4Dvkj6JhhA12EX05fT7y2e,2022-05-20,
1m2PksrrMpIev63uPxT1V0,2022-02-22,
2gzhQaCTeNgxpeB2TPllyY,2022-04-24,
1qEmFfgcLObUfQm0j1W2CK,2022-05-20,
5quFr5s5PXYfUX5jV2EBZ1,2022-03-11,
0CatzXH85XWyBqqdB6qPMB,2022-05-30,
3oiMjDZ1bShIpFfOQf55IW,2022-04-12,
2SLwbpExuoBDZBpjfefCtV,2022-01-06,
2jidjmWNeRmKgLjXhW52Gz,2022-05-02,
32vE1nuG8T9c8bhmZdRY6d,2022-06-03,
7BDHDiidJ8WV349p3HTxTV,2022-03-18,
186NCtNk1tUYS7c2DxgJ7O,2021-12-24,
2FeBslNBMdR9V58uv6hd2t,2022-05-13,
5OiD0uUNxZkSyG3opReDlx,2022-05-20,
5zyZM1EiSqrniyqtprwxpv,2022-06-16,
0UnOf7i44YK0ULpkEGHe4R,2022-04-24,
2DB4DdfCFMw1iaR6JaR03a,2022-04-07,
3rmo8F54jFF8OgYsqTxm5d,2021-10-25,
1IvOxLYTstsq5Z6pN3l3zm,2022-05-02,
0RGUIOZtmOXTWOy5EjvQbP,2017-11-17,
51Zw1cKDgkad0CXv23HCMU,2022-05-20,
1XlSkQeITGEv8r6HIZfpfX,2022-05-04,
7BpqydHSxMviDR0DNTne6J,2022-05-19,
4ShxDU7CHNQVi2wwgSdqfF,2021-05-14,
13sAZcJP2b6D6Qjck3Ixc3,2018-10-21,
6kYGOFNUMxpab09L5Ukoke,2022-05-13,
44QDTpkTR3eLLfXEKTjyul,2022-03-20,
6SpPr7K4YQ2wp8jU6uOTmQ,2021-08-16,
4h4QlmocP3IuwYEj2j14p8,2021-12-03,
4T9hw59r85ZkesNoYWQIJg,2022-03-28,
5zwwW9Oq7ubSxoCGyW1nbY,2022-09-15,
5expoVGQPvXuwBBFuNGqBd,2022-08-01,
396FqjKmViUZ92Wmm4rx3i,2022-07-08,
1nX1b7kRg5a6XKAq7uQOpr,2022-07-15,
2gYj9lubBorOPIVWsTXugG,2022-08-22,
1oen3GpTcA486fTHaT7neg,2022-08-05,
7GARzfC1mwhDuk4t9WOACq,2022-07-15,
5mdWIwsJAzR97ShGkt8gcR,2022-09-06,
0HsRZwZzHoZ5AM5W2ZYI5c,2022-04-20,
2DwUdMJ5uxv20EhAildreg,2022-08-01,
0O6u0VJ46W86TxN9wgyqDj,2022-06-03,
0CB3B5ir8I2KbB3dkGVtWF,2022-07-09,
6C734SmqoIYuRWo2qSCnpC,2022-09-19,
69xohKu8C1fsflYAiSNbwM,2022-06-10,
2QWEMqQMJR1KDf6hDjJOs6,2022-07-15,
50xSycnGMDy0Wg5jJcOv3S,2022-05-02,
2lsRp40mCRkhqULWdMbOzn,2022-05-02,
2mgzUVvDpb1zMSB4glLQ6T,2022-06-24,
7AdGloF1UHKe1vAZPbqIXH,2022-09-15,
0bYVPJvXr8ACmw313cVvhB,2022-09-16,
00I41xsW6SunZDJ5fB8KAd,2022-07-15,
0Puudh380z6cOCgMaTNm7h,2022-07-15,
4saklk6nie3yiGePpBwUoc,2020-11-20,
3TSLqZssCoCdDlMhCJ08XW,2022-04-05,
1XIIvx9S19CZVc7eow7EX7,2022-07-15,
775S83AMYbQc8SYteOktTL,2022-07-03,
1WKLxJpDqkQ9x1qEDNutoX,2022-09-16,
4FKmrrI6y8REWoCyV5tAhY,2022-09-25,
1oFAF1hdPOickyHgbuRjyX,2020-03-20,
19Hg1UCZaCdpHB37L7x63X,2017-05-30,
0Hj4YtlD0Q5O0srdZxJUtl,2022-09-16,
5pyoxDZ1PX0KxBxiRVxA4U,2022-07-29,
3scRk3rUGIwpCg9kMNrtEQ,2018-10-11,
1w2hClDL1xH4FPZIipZ1FJ,2005-01-01,
2mqTtvbKxH7SoEQ2oGAnsA,2022-07-29,
7IuuFQShxmy7zMZ3vZvMFj,2021-10-29,
0Q5VnK2DYzRyfqQRJuUtvi,2022-04-05,
3WBRfkOozHEsG0hbrBzwlm,2022-07-14,
2pIUpMhHL6L9Z5lnKxJJr9,2022-08-01,
5Odq8ohlgIbQKMZivbWkEo,2022-10-06,
0V3wPSX9ygBnCm8psDIegu,2022-10-21,
27bIik73QCu8Xzt3xpG1bI,2022-12-16,
6RBziRcDeiho3iTPdtEeg9,2022-03-30,
5aucVLKiumD89mxVCB4zvS,2022-09-22,
3r8RuvgbX9s7ammBn07D3W,2022-12-19,
0h7QMc9ZRzA9QJrbEHytn2,2022-10-28,
1RDvyOk4WtPCtoqciJwVn8,2022-11-20,
3khEEPRyBeOUabbmOPJzAG,2022-10-12,
20JkEhlKCrKtzORT5qDdWE,2022-12-17,
07trPhWMgiagFnSOlmpzl0,2022-09-29,
35ytd9cmG15jXG0RKWC9p4,2022-12-16,
3wEr5lmE7oaC3qhCbJTY8B,2022-12-02,
3XKI5295qhFbwNesz3ollU,2022-12-02,
2KLwPaRDOB87XOYAT2fgxh,2022-11-04,
1sZBzYhrQG40zcSuKkI93c,2022-10-17,
0HYAsQwJIO6FLqpyTeD3l6,2020-05-20,
2RLdkXSaiQjRbey5pvP8Kt,2022-05-02,
1dfsPqH09vnzUWEOsN98Ex,2022-10-04,
2FRnf9qhLbvw8fu4IBXx78,1984-11-29,
3rWDp9tBPQR9z6U5YyRSK4,2022-10-21,
0o9zmvc5f3EFApU52PPIyW,2020-05-20,
10qiH1RJkexhTUuN562FsP,2022-09-13,
078fJxqEUz0LvbHSM6AoXJ,2022-10-07,
77khP2fIVhSW23NwxrRluh,1965-10-01,
5k1A6F2kRnr6XkYKpVt7V0,2022-10-21,
6MCjmGYlw6mQVWRFVgBRvB,2021-01-06,
53qayme5jMFwTb3fF84uv6,2022-11-28,
2O3MQ6H3gjrIWDcpeTrikT,2021-10-15,
2ZL7WZcjuYKi1KUDtp4kCC,2022-11-04,
0wavGRldH0AWyu2zvTz8zb,2022-10-21,
0a4MMyCrzT0En247IhqZbD,2022-08-01,
5Hfnps0jaWFpYg55WOPexG,2023-03-24,
7foeH2Emgq8A3LWk3q6dat,2023-04-10,
3OdIiWnYRHPYtC313Z0Bwy,2023-03-24,
4fsQ0K37TOXa3hEQfjEic1,2022-10-17,
0rhI6gvOeCKA502RdJAbfs,2023-01-27,
7eBpUuPnDTfbeP1P4P93CS,2023-02-06,
6dgUya35uo964z7GZXM07g,2022-07-15,
2RUcwyW74Sv4VracHFrKdh,2018-12-31,
6NnCWIWV740gP7DQ8kqdIE,2022-10-17,
296nXCOv97WJNRWzIBQnoj,2022-05-02,
3XfngyuVjltVRHSsLjrCRO,2022-12-03,
2qg2jy3v50RwfV5FAqG3a2,2023-03-24,
3nqQXoyQOWXiESFLlDF1hG,2022-09-22,
6auT8cRBu3BgPRBrdVBY15,2022-11-15,
6zjk7Qbwb9DZ4ykUUoqknh,2022-12-14,
04TshWXkhV1qkqHzf31Hn6,2020-08-05,
7F0MuIk5glqtowCUjbn9es,2022-10-17,
0S2GNnqAHC96zqB8ZIcxg4,2023-01-29,
5YSkDxmHvzSDWTu4MaEtfa,2023-03-14,
4JK1kDUdH9RTBQrrSO1QfR,2022-01-12,
1F6qqwgyBjcIMzen8RrOXQ,2023-01-09,
10SRMwb9EuVS1K9rYsBfHQ,2022-06-10,
06KyNuuMOX1ROXRhj787tj,2016-01-29,
4eFTh1opLS5wANDmZK9ghC,2012-03-29,
1jIMjbzcGCcCQn5iMu9CUc,2022-04-08,
54ipXppHLA8U4yqpOFTUhr,2022-07-01,
38DlSDrx9tgc5Gfq6y3aBa,2023-01-20,
5mHdCZtVyb4DcJw8799hZp,2023-02-03,
0Hy3JNYKAJu4ttcyQHzzYA,2023-01-01,
7w05lsU2VLSeiT8Nukrv5M,2020-02-21,
3DO8WRX72c1Z5hduVL1Nd5,2017-04-21,
3Ua0m0YmEjrMi9XErKcNiR,2023-03-24,
4uOBL4DDWWVx4RhYKlPbPC,2023-05-15,
4QhnNyKDsAkXPwHkSnuc89,2023-05-01,
0u8rZGtXJrLtiSe34FPjGG,2023-03-24,
7FbrGaHYVDmfr7KoLIZnQ7,2023-02-24,
2yjeXq5ahx6UUg2rHaUe6X,2023-05-18,
0N8Xztr4pBHJ7V0moJWhbO,2017-09-12,
3gmn76fCtpDazGMnN0QMHX,2022-11-09,
28a0aMV1OKoyNiCJuNsWrY,2023-03-31,
5HrIcZOo1DysX53qDRlRnt,2023-04-25,
6R5fYCySNHrqo4Og6O1ppn,2023-06-02,
4IJsVXbSeGPUrgwpVoHmlg,2023-05-12,
2YXswOX5aKv6OHRKUcAMLQ,2023-03-31,
4WUpMUjdoi47LY7gBQBXe3,2023-06-05,
1E14FuM0BRaHAJSJ9YxMVu,2022-05-02,
4F0ft3ZDmIN7xz4HxYW7y0,2023-04-10,
4kSDi21MeOoSvpZs6MveI9,2023-02-14,
3l6LBCOL9nPsSY29TUY2VE,2023-06-05,
7mpdNiaQvygj2rHoxkzMfa,2023-05-22,
4K8jDTlNhZWEdnzZVGRMtN,2023-05-01,
6D90VTeGEWYX5AkAtjHZh1,2023-03-26,
3T03rPwlL8NVk1yIaxeD8U,2021-03-19,
3bUD1FmJClHcD0U7rIN0TR,2022-06-09,
7tOsgOjrzBVQqyaMDBlZV8,2021-11-16,
6iirdwpyu2Ohg3iVdu4vXl,2023-04-17,
6WY4wvlmgccWapnIg14Vy0,1996-01-01,
7fcZk7OXeFWD7DWybltVVf,2023-05-31,
0CrcwVLUe8wzLUIXgjXVZJ,2023-04-14,
36jIu8oPR1Z4cguMuHxUXA,2023-04-21,
02wk5BttM0QL38ERjLPQJB,2023-07-21,
5h1BN75CEh8wdSwE1xrbSe,2023-09-08,
59hBR0BCtJsfIbV9VzCVAp,2023-03-17,
0eFMbKCRw8KByXyWBw8WO7,2020-06-05,
1wUnuiXMMvhudmzvcCtlZP,2023-07-21,
7jzOZuWgZ5gaMet9V5Ix1d,2023-08-07,
65FftemJ1DbbZ45DUfHJXE,2023-01-02,
41JPN7pZMTp1sumBOHOzHd,2023-04-21,
2fiI6e0WxyZB3QnmRxYGPg,2023-09-19,
1ULdASrNy5rurl1TZfFaMP,2023-05-08,
7ovUcF5uHTBRzUpB6ZOmvt,2023-04-12,
3jxFmvoG55Cwv0JJBzRPce,2023-09-25,
748MqeDRJ401KBqwCn5zHB,2023-08-25,
6ePyl2ns4b7MVYhjsj32ZK,2018-05-18,
3AOf6YEpxQ894FmrwI9k96,2023-04-24,
5mg3VB3Qh7jcR5kAAC4DSV,2023-02-24,
1zAYWqTX6qyRCKe9KuCUx0,2023-07-17,
11s5p72subU7SHJPzyR2Lq,2023-08-21,
3Dah48XTdzVtbIl4dUn6l4,2023-09-04,
5BqwC9kOBbqYkzdOKeXFFk,2019-03-13,
3ISOK4T54v6O1g1AB8FiEK,2023-07-06,
0Y9C5yhzY7Pa1AqjUFrizq,2023-09-13,
7kaFsQygyiCqRboWCXztxZ,2023-07-07,
3uXTRQ41tZ7xwGJ1NnKnUC,2023-06-29,
5PyDJG7SQRgWXefgexqIge,2023-09-20,
12usPU2WnqgCHAW1EK2dfd,2023-07-07,
3VQH9MYoFvxmXmWECnqdRg,2023-07-03,
0k0GtcnyQLMiXrdEDbLXmJ,2023-11-03,
5ydjxBSUIDn26MFzU3asP4,2023-08-11,
5ONOlTiqymhzwcFjqcIT6E,2023-11-03,
0rKWJnmo6Q0ovoPOLoLm0t,2023-10-19,
2HRgqmZQC0MC7GeNuDIXHN,2023-11-03,
3k6q0O9JnO2GhvD6C8fs20,2023-12-22,
2tA3NP12r4niSRhb9Y6AoY,2022-11-15,
210JJAa9nJOgNa0YNrsT5g,2023-10-04,
5sdQOyqq2IDhvmx2lHOpwd,2023-07-07,
56y1jOTK0XSvJzVv9vHQBK,2023-09-20,
01qFKNWq73UfEslI0GvumE,2023-10-02,
4HAOgAnILvXCbSODMoRnmD,2023-09-08,
7pgbDdy7ax962o9d2xJceV,2023-09-08,
06Qo2fYR2KS1F7bL338iVT,2023-11-03,
1vvcEHQdaUTvWt0EIUYcFK,2023-05-17,
7aqsfFKqJFNa2umM4tTLdA,2023-10-13,
4Cr43xPo7bwyCcL1g3yVCu,2022-05-02,
61AZsmFB3VoJdmraMk5ZSn,2023-01-13,
79f5CcWzdkkDVD4XAIQgKr,2023-11-10,
2UU11hvjN1JIn4iihEodNT,2023-09-08,
3nAp4IvdMPPWEH9uuXFFV5,2013-10-25,
2cEwQnP4284g37N6D7ETND,2023-10-27,
365znJ27Fb3faGsctmQYWR,2022-05-02,
0hqj5JBnFt1BHEz2UCFwrl,2019-09-25,
31jZYFQEtq0ud5y9fDN4cw,2023-10-23,
253P6uwLnelVQ6MdwXMIJk,2023-10-04,
5odlY52u43F5BjByhxg7wg,2022-09-23,
5r3VFyq4KrdCeRNUDtGfJq,2023-11-09,
5nTemr4PG8L9jQoqxsZu6w,2023-11-13,
3TPvrMAd1hbPRXuHCRX0Pl,2014-07-16,
1FTFDCKkVNGf0UCccm23LA,2023-12-22,
7dTv6c4yQ4gBVFSC3fX0RH,2023-11-23,
3lwK3WyKAI5bUuGY1OgGbZ,2024-03-22,
0aZG8KWrpRnsGL0loUkfSj,2024-01-22,
21ewxM3YvcdTj7cC0XwznO,2023-10-09,
0djkJ3iAARXRCbfbwwVc3o,2024-01-24,
0paWX66K9n7sYR9AkKkyzB,2024-02-28,
7M7d0e8Ue3Z7QieuZe72J9,2024-01-05,
1aKvZDoLGkNMxoRYgkckZG,2024-03-25,
74X2u8JMVooG2QbjRxXwR8,2023-10-27,
5XWlyfo0kZ8LF7VSyfS4Ew,2023-11-10,
0cGpKQ8RxxLOFqhktEURIj,2023-12-30,
2GquhrcHbl2zOnF5javAFp,2024-02-19,
2gyCwrOcC6JBoaJ8JGJ7T8,2023-11-27,
7gaA3wERFkFkgivjwbSvkG,2024-01-12,
3m5PgWSClkZ44vdFmPiqpq,2024-01-17,
6G3myAs4HemIdtLYhhjGLP,2024-03-15,
1c6kkrWnpy68eYDfBdxNtF,2024-02-20,
5qI5EUqfDJpQ7w6sMECK7U,2024-01-29,
0kdqcbwei4MDWFEX5f33yG,2024-01-07,
2RoYgkPzUY0vY7lhUuyus1,2024-01-15,
6rdkCkjk6D12xRpdMXy0I2,2023-07-07,
43u5DDtK4vQ1coWXb4S5a8,2020-11-04,
0o3ua5ufFK7nfRzbDUNoGA,2024-03-08,
05STjz8kmPBUebu3uu5sO0,2022-05-02,
7KUb5GsTcXfpG0phkbL2mR,2024-02-19,
70t7Q6AYG6ZgTYmJWcnkUM,2023-04-10,
7uRWaWF70gvKmLhpY3FuaJ,2024-02-28,
5b5cPscqVEMChvDqscVw26,2024-05-03,
0LdpgzRupg6P511GEACdm2,2024-03-18,
4sgMbwl9lXGyHcHmtFYGMm,2024-05-27,
0vaxYDAuAO1nPolC6bQp7V,2024-04-03,
2O4Bb2WCkjlTPO827OnBMI,2024-02-19,
2vNPGH1x5ZwxTjlvzLCyc2,2024-01-29,
1AtFSBJibfaqfiOByQCwZ5,2024-06-21,
5ocSQW5sIUIOFojwXEz9Ki,2024-06-21,
58Q3FZFs1YXPpliWQB5kXB,2024-06-21,
0PBTlQ84CBJF0tBnKGmQa6,2024-03-15,
3vnaEaDxMKdBhqA1t0uAwl,2024-05-06,
2N0SPREDYqILVEFSsWF5N5,2023-08-11,
3lc6BSosCqVoNddw1izHXj,2024-04-03,
2HRqTpkrJO5ggZyyK6NPWz,2024-08-23,
2J194R0KIKbK7bTHfUHPDB,2024-06-17,
2jaapqz7L9MpMf7vpkqU9I,2024-03-25,
5IZXB5IKAD2qlvTPJYDCFB,2024-08-15,
6QqrxJe1iQxwLY6he6FLFo,2024-03-25,
1Y5D7m2QtyBdvwvY3gAVNQ,2024-04-22,
2gkVEnpahpE3bQuvGuCpAV,2023-11-03,
7JxPQzxhJSsBBNu1D76ig2,2024-05-24,
3xkHsmpQCBMytMJNiDf3Ii,2024-04-05,
3ZVFcD8Wlw9T9klGqmJf9F,2024-04-18,
5IY8i6WnkqvmRnIrF4lqDx,2024-05-28,
3x6unDluyCL4v5AeGrAVGA,2024-06-13,
7CyPwkp0oE8Ro9Dd5CUDjW,2023-06-23,
6jgUrLEivd4DaiYb1izJLF,2024-06-21,
2ftb45L7iXYwp0WoTEuslG,2024-05-24,
5VBjyOQzqlPNgdRPMM6prF,2020-08-04,
7iabz12vAuVQYyekFIWJxD,2024-05-23,
3ybJERCKs3Jf3aT7xU1Vs4,2024-05-27,
45zLrK0668WQ5JFMyiYmCS,2024-07-19,
4gxEY3Mh5FZZDAJAKPNrCS,2024-09-02,
3LWVXp636uLT356Rj08Jaz,2024-07-19,
3d2bsbugow8JiNvuaRupFH,2024-07-19,
0T6J3Ipbe06lm7p3grH2bg,2024-09-02,
19D8LNpWwIPpi6hs9BG7dq,2024-05-24,
2PlsVMcOn6ujc2UEYs2Yat,2024-05-06,
6oNLSQX8bcAdbCElZYju3v,2024-08-12,
6i8MbzVn4nzyjUcSoVcz7B,2024-05-27,
5LlUJ3HHI2dS0xowdMDXC5,2024-09-06,
0GqAWZe1A5ecKadZrHk6XH,2024-07-19,
1YXot2MLAG9sttepCtBRM7,2023-11-15,
7ov3TDp5D00Rnu5R1viX4w,2024-08-15,
78ZYPq0f3afyzdYdpTOG9C,2024-07-15,
0UvCh63URrLFcPkKt99hHd,1995-10-02,
1njlnn8ZKHI77Pe9szIONR,2024-04-01,
1OhIn0L6iofnk5bjalWfHq,2024-04-08,
2cZOYofOX4d6g0OXxkaIjA,2024-09-13,
7vjfnsnDXZGK4PSq54ISjc,2024-08-30,
4mqfe9XrgEOSsofvq5MyjR,2024-02-21,
3LUi9n9mMOR1eK3kle7oCe,2024-09-03,
5juCu4WFTFRZ2XilopAMTy,2024-02-13,
3lboRjzlrZ8tFxR0y59Yny,2024-09-23,
7bUezNEU1BnjkbYrG0KP2Y,2024-08-19,
3vkCueOmm7xQDoJ17W1Pm3,2023-09-15,
3BhyxulZ13uWZS6LqiYiCj,2024-07-01,
7Cnpb1vBbC46RgVyyKLH7p,2024-10-21,
1k68vKHNQXU5CHqcM7Yp7N,2024-03-18,
5doooVlMVRZztQbySqARMI,2025-02-25,
1kPhV0KQui1phEpjnWIqUN,2024-06-28,
21LtZQQMQYwVIxc9O9Ygq8,2024-10-28,
2SR0alFA2oWYXSoePGTj0V,2024-11-19,
4XsJiRJQAK8TWcZCn0Dxlh,2024-10-31,
7G7mSV4BebkoHWwKTDvXu9,2024-11-29,
1lcBt7LoEikqYmhUoa2cez,2024-12-06,
5sjnkOfTLCLNfkkchI2re2,2024-10-09,
0FIDCNYYjNvPVimz5icugS,2025-01-31,
0bYg9bo50gSsH3LtXe2SQn,1994-10-28,
0lizgQ7Qw35od7CYaoMBZb,2014-11-24,
2plbrEY59IikOBgBGLjaoe,2024-08-16,
7gMfVc4zfNIxuMyMGglOHa,2024-07-19,
3yDRcs0Y4pPzkvMbUfeF9H,2024-10-03,
4EwNWRBWdZ6bgvxRHlZ8OO,2013-09-05,
1ySWoGgrduSzvtJ3PUzO41,2024-07-23,
2isRbZIIU4PqPrECffn7QO,2024-07-23,
6je5cTal6PyeITNrOzkCoS,2024-03-18,
3TQHPUEVdvdq8ejwEcHUlL,2023-08-15,
5jxuw4S5IDEY6CjjAHvRAt,2024-11-19,
1YmY0HUm05BUpcHibc1bhB,2024-11-19,
1zJUr9Oo5zEjvJrdlg67jQ,2024-09-24,
6pqyZNnLKyJKtrlf42FQoq,2024-09-09,
49txvOVNLAHwG9bMtdKP6a,2024-10-21,
3X76Lal4GwBFqriHz1FbLU,2024-09-20,
30tYWTkLIQtZWnRIOqcHnJ,2019-04-16,
5a3tLTGA0HIDtrvnszXXBN,2024-12-06,
0FVPOqIivjXR49CyJZAw7g,2016-02-03,
294hRgOqnGW2BemqP8D35X,2024-07-08,
68UrZQUuO3O6eUiD226xHg,2025-02-24,
2P6YMsU9jt22CXfizfudi3,2025-01-31,
0GOqhXyouUxqPEw9ypTOLm,2025-02-25,
406IpEtZPvbxApWTGM3twY,2025-03-14,
1z5ebC9238uGoBgzYyvGpQ,2024-12-06,
7GOIrZTegzVty8mhNhRuA0,2025-01-06,
04mHr76sMR8RSqVIgWl785,2025-02-03,
4xeugB5MqWh0jwvXZPxahq,2023-04-26,
1Px44tw80Q4rcCl8FxDGOi,2024-07-23,
3vIkVVbhpMvsOJ1BKWT0nT,2025-02-25,
10zywlg5b0gQOC3q1A7ADx,2025-02-14,
10I5rhhFoWZDIN3kEc6Dbo,2024-07-23,
7KZNgri6Jxw88FAfATw6i9,2024-07-23,
1MUZitHRpmng5NevrvNx4T,2024-11-01,
6SaSFVlIQC1L6Fh1QKLeFi,2025-03-07,
6iu311jZAJFLPgoIWgrA72,2016-02-03,
4C2KCXzqC0kwNyTilyRLUx,2025-02-25,
5yfhzEct1ulyU6g5oVRraj,2025-03-17,
2DbDefRFJ5YOfXCKOeCJJh,2024-10-15,
7KXjTSCq5nL1LoYtL7XAwS,2017-04-14,
20QI1DhCFz7pN8rATkNguv,2025-03-06,
6cwSbxCqAwBNbCqaLMZgbT,2016-02-03,
0VdwOoAKPe9aGahkpllfkH,2021-12-24,
6koKhrBBcExADvWuOgceNZ,2022-12-08,
6fbS9Lbyv6L4tz7tcmBGKh,2025-02-25,
4zUob9iYFS9TgAR0hgo5pR,2025-03-05,
3uA8SjMyDtwtt0jLPMQbVD,2016-03-25,
5EoV2HmAlkqN1XvsIjOBZZ,2025-06-18,
3iJxBDym1SeqNqJqnvreHK,2025-05-27,
0AQEShePVSsxMTM6a8ik6t,2025-06-21,
4p0uVFAXKUISu8yp9gNtWE,2025-06-16,
0fK7ie6XwGxQTIkpFoWkd1,2025-03-07,
0wrppxeWurW1uRnxI6Ut9v,2025-04-28,
2kpmBZqu52h6uCZXFTIXJK,2025-06-13,
4WrkJNGb4zUwARc0FD3iNf,2025-05-16,
5Fhr3wqeieN5WDkAsqL1JJ,2025-03-21,
6Wobsw9uZ0D0xkfOjxXSq9,2025-05-08,
2NOMOpss7BmEXTL9f1koqn,2025-06-23,
1klePVubVctBqhlKJvibil,2025-05-13,
0qkYuCno3SoU8vxkCdx0iJ,2025-05-26,
2GMKQPMXdOGXsQkDYBN6wF,2025-01-01,
60DwXD4XZgBGMRwViDqBm6,2025-05-11,
5RdKO1lsHG9jhbG03LL7cv,2025-05-16,
1XDSuZ5ZSExGZYC7IuiU5l,2025-05-07,
4EIFwndJvGpgFjsEbNuYif,2025-03-07,
0warEAGkdMG9x2grXqKhlY,2025-05-19,
09PyC1qMkM0JVtqHHFnjKm,2025-06-12,
5Kbpcd3hOqu4ZRAJNAjIcg,2012-07-15,
4bjNOhOMvqFPflwHIaS7Fw,2017-05-30,
2LHNTC9QZxsL3nWpt8iaSR,2025-03-07,
5cRKj1kynNFqiliT2ndZ3y,2022-01-10,
0IjaSeBp6SHXTELm4C9ifk,2025-04-27,
7EW7Yivb93qKAtp5qEm5of,2025-03-14,
02BcXEH1zJYbXSabPtNlKf,2025-04-30,
6OWWZtNQORY1McaZmOrwhc,2025-09-08,
59hVbgr8rfYkDbHfr8RcGI,2025-09-15,
02sy7FAs8dkDNYsHp4Ul3f,2025-06-20,
2c6xH9usslUoHnOzsRhpcP,2025-08-25,
1sUjTLLCJzcxC15GUBrOlg,2025-09-05,
7JQH2lBMZ10ztDnpoeq6Ki,2019-04-10,
1I37Zz2g3hk9eWxaNkj031,2025-06-20,
3Z4BxvgOJ8KupcDIV3OV2f,2025-07-11,
0MHStU0muAIEMbwdnebYu2,2025-06-20,
4nKnOIDXFjRSMG4vkXDwzY,2025-07-01,
5H1sKFMzDeMtXwND3V6hRY,2025-07-11,
7t4Z19BqZ23ExgdiOP0nf6,2025-06-25,
4ecdsGz3Hg6TKPwQ0ZOdJz,2025-09-08,
18AMT576rBlQFMzUTS7WBa,2025-07-11,
4H6s1mTZcjHAMU36ZF3Xoz,2025-05-16,
4LJJxB4a47mreJAfKwbGEM,2025-09-09,
6hcT29EF7UYuwu76eqlys9,2025-06-09,
2aSfmbpproCPOe2j01WT2a,2025-08-29,
5PCOOngROV9jWsUViSy4Ed,2025-06-13,
6jl91VgNuRjpwO0MJQw29F,2025-07-14,
5Xf2cIARIa9gwWf6m4DvME,2017-12-12,
3y1Aq9UzyzhMGuVaS8i2oA,2012-10-31,
0VdikQbDdOqxdWQyYsLmne,2025-07-10,
630sXRhIcfwr2e4RdNtjKN,2017-11-17,
3cnCdBXTlyBCKYrlHpXbIP,2025-02-03,
34HSEUn4YGAFBW9OHGIkU7,2017-11-17,
7H9e5GKSY1PQTW1edqvHb9,2025-06-16,
0M4O6UEu4F9SxImTsBuX9n,2025-12-18,
6jYiHr12NVKLzn0X7K8aSK,2025-10-20,
3cLXrotzCjYCkN73PewALM,2025-10-15,
2N9miXnewVmUrgl6JSK1FI,2025-10-24,
7FyKqLLICVzwBiAUtbVYUW,2025-11-17,
1k0JAiH11gHL9dc5dfQjQr,2025-11-24,
06o2o3TpyR8eGU2ANK21Lp,2025-07-14,
0p5xMhVvw441Z10hNWsk5Q,2025-10-14,
5iFbKoNv7Jc5Arpbf8D90B,2025-12-08,
3vJIaiTIHxHhYafTSPNiH4,2025-11-21,
1nEhhkEidrTOtc46fCvRFp,2025-11-24,
4CRhJHHbH9Awx7z7xRAdPP,2025-08-29,
7hYI4QprQ3hMqp56ul6uEv,2025-08-29,
15HNdxGKNCIO9pgaY4n7FU,2019-08-31,
4WFfPxJv1KRekG6mxn837K,2025-10-10,
7csMuPqdOPaFKby0AoRYL5,2005-03-03,
2OQ6a4CfUeYskpTTgyawyJ,2017-10-06,
0QzuaeCEEOV40Pn7IvKEny,2022-01-21,
6VedlO2MtaEjAITax6vQyg,2025-08-31,
11gZL0HigsqfzjTHOpdFjE,2025-05-16,
6Yj8kVuVR3UPxx9r5eFEoV,2014-01-16,
5APxbxUDWyUChpgjJ0YQzE,2025-02-03,
2rKkfc4VZ74FQDc1FF1Zo6,2026-03-20,
7hlEhmg5h9XuFtaGfgvqjF,2007-01-24,
2IFND3phjzIG1RcPnHh2hP,2026-03-20,
5tg21NdePCn5m8F9BXOEeJ,2026-03-20,
0KmrKOdScRDVYwWS8hkkdv,2026-03-20,
3WvM2dIR9iIxMGNMP7WsNw,2023-08-29,
4qdBPJta3BVPXCS0wJZ6yO,2022-03-14,
68lbSrXDORS51pmyjZv712,2026-03-20,
3VxmXJ4FdtbWI27p3Gx4Wh,2026-01-27,
3bmpXHVie1GTy37OkXJ7Vc,2026-03-20,
3VegC0PZiHjGxb80DER8XU,2026-03-20,
4B4Q7zfd0aHcuhQBfCRnH5,2026-03-20,
5xqM1HOndjxfH7NmyD8SVS,2024-11-01,
3b4YlIUpzYs3CZ6s9GVmzT,2025-05-16,
3g8mimqqxsAEtkktm1TYEk,2022-03-13,
65X2koe1LhDgQmRkNdJFv9,2026-01-09,
40UVUuyy5RfpO0awclCttA,2025-06-23,
5u77QBJa2fUREcFTM7PwME,2026-03-20,
6w9SgpKIzB54R2xHml1UPP,2026-01-16,
0dt0DccOIWLtzX45F6uZ1I,2026-03-20,
0NsmpxrKw7ZWGKjnWVJtm5,2026-01-16,
0XqgE9UN4MCo5ooIwUYm7l,2026-01-14,
0VGeaj4sDq9UnwzSxiVgkZ,2026-02-25,
27zrFrtUtWl2urlvjOn5xc,2016-08-29,
0hqngwyh8WnPuYlLYHRQqp,2021-12-19,
6dOtVTDdiauQNBQEDOtlAB,2024-05-17,
4wJ5Qq0jBN4ajy7ouZIV1c,2024-12-06,
44hqFxUWsADWewEJELnncj,2024-11-11,
0WA27lZzPKFJKAbiDRmQDc,2026-02-20,
5dxiriLgC9mu2FbSNqudld,2026-04-07,
1D5L58KLBbceOynTP4DQnY,2026-04-30,
3m08yeqLjXsqblRU3KXPAp,2026-03-06,
3sOAwRg5esaxDcWnUigWPv,2025-08-04,
27xkOIER6uDLKALIelHylZ,2025-05-16,
1Sjs93mMgi9bX06FFU9Mcv,2026-05-11,
2SMq0lOqCTHayWa9juoI0d,2017-09-04,
24rDDbSlFY9OHrlJb48CRh,2026-01-26,
6QFCMUUq1T2Vf5sFUXcuQ7,2012-01-01,
6uvw8GFIqdqaJ4Nr3kN8Rs,2026-06-12,
41d2WjuL0ikRKVjxmL7ZFz,2026-05-22,
63JNA2B4qHmoedZCthpo0e,2026-03-27,
0b61A7v9agI08BG21jJPQ9,2026-03-20,
6epn3r7S14KUqlReYr77hA,2010-01-01,
0FOReGSXypVBP1q3CLEbfN,2026-03-06,
2CO0qu8M2UrT2IxRdYbGOg,2026-04-03,
1OO2hWJmimNmsN2glZ9kyM,2026-04-13,
4c9CHyzibRaogeupFGzsFW,2026-03-17,
5bB7348yF6DXMmK1WQlBui,2026-03-06,
1XpVhaI4HzWrhRWIpdfyJB,2026-03-20,
0F6XPZ5gxXC1zaiaDhrV73,2026-06-08,
3FZPp9lBUvhsxFxKJi3VkB,2026-02-26,
4oE7MyJhqSD3BaHRpNs8Nl,2025-09-22,
3KQ3fLAkMYyCWQLCi60zeE,2026-04-07,
599L9ptR3PXQq6Dzn9uLP0,2026-04-17,
7GRZqYKsoE1Ls98sr2o8xQ,2026-05-25,
0yamqkAFAmpdLNVcmJLSo8,2002-09-01,
0RiRZpuVRbi7oqRdSMwhQY,2019-09-06,
6vjt2smGK75oc9r2OGFfgp,2026-05-29,
55UDXtbNJBAdTdUdbRu8T3,2026-06-26,
0USn5f2VZGbHjHkbjcijzU,2026-08-10,
0cbgFMxCXMzs80R2vxwApT,2026-09-10,
776vLcNy6mHNmPisdejR0I,2026-08-31,
6uosenLUNFZtOIih5T0qfV,2024-08-27,
6BAnU4WVN9ArEfSi01JwhQ,2026-09-07,
3caqaSvtldUKLY5Fd5msk2,2026-08-03,
02KRPJcx4TJFLCXt9qwEUE,2026-09-10,
1ET5lou3teBMA3a5cYeYzN,2026-06-01,
0KgetoSLg8qfJWIwoAQxBf,2026-06-29,
70RQYCjVacuJgeYAmU2sXd,2026-07-21,
4iZIvaus7v4wSjFvdF83NA,2021-03-09,
6g02YqJTLBjqJ7sGvW1wDB,2026-07-18,
75MJ2d8AmBWgf2yeZACwpa,2026-09-08,
1OLAjffdDJibTrUGAwApVk,2026-08-09,
2L1dsjU3R3U4SX27qIiPrq,2026-08-31,
1my8zFESgULmuj3D2tzK1R,2026-08-10,
55pCe0UgAeaeWKKSQqdiWh,2021-01-28,
3hBAYbAECEix9raaTq8S3H,2015-12-09,
2cCC4S226r1tws0d2vDDdO,2003-03-25,
3CQw6HqsBu12wUj89vUQ5M,2025-10-16,
1BxfuPKGuaTgP7aM0Bbdwr,2019-08-23,
7ijWcf4FsoxoyPK4B9WGp6,2016-12-13,
3TPPESvMtVS5zt7FAX2M9n,2026-08-10,
42lqBjPYlmL1EXpMDXvhSN,2021-01-08,
3cBsEDNhFI9E82vPj3kvi3,2021-01-08,
1M4OcYkxAtu3ErzSgDEfoi,2021-02-04,
65OVbaJR5O1RmwOQx0875b,2021-03-05,
7FGdjbZ32vMybPuP0IuE7d,2021-02-05,
43CIWpJaJHRcI4mUSjqgc2,2021-01-15,
4MzXwWMhyBbmu6hOcLVD49,2020-11-27,
2QjOHCTQ1Jl3zawyYOpxh6,2013-04-22,
1tkg4EHVoqnhR6iFEXb60y,2020-07-03,
4obHzpwGrjoTuZh2DItEMZ,2021-01-08,
3FAJ6O0NOHQV8Mc5Ri6ENp,2020-03-27,
0A1hoCfMLkiAgvhWkkucJa,2020-11-20,
3Uo7WG0vmLQ07WB4BDwy7D,2020-12-10,
0uRrG2jRR5tuifsYIJHEao,2021-01-08,
0PvFJmanyNQMseIFrU708S,2020-07-03,
5uEYRdEIh9Bo4fpjDd4Na9,2021-01-15,
6toQdWWc4noiOk3Eo5mVDS,2021-02-26,
6u3CPnFMKANYgfdiifFOiJ,2021-01-29,
0oaY19dUwZimIgzn3ZZLZO,2021-03-19,
01FvQEvHETjWqcDpQDJdTb,2021-01-08,
5UMMPHPp6vRP6ghPpSUOzp,2021-02-18,
2MbdDtCv5LUVjYy9RuGTgC,2020-06-24,
21jGcNKet2qwijlDFuPiPb,2019-09-06,
3wkKkFAtYSTRwqOydW6T0I,2010-01-01,
7eX3um6NpOQKWJMGCi97XD,2021-03-04,
30KctD1WsHKTIYczXjip5a,2020-12-11,
0WSa1sucoNRcEeULlZVQXj,2013-04-01,
7E2C5rBLpCKwQlhJPVFBRS,2020-10-15,
4R2kfaDFhslZEMJqAFNpdd,2020-07-24,
6Gg1gjgKi2AK4e0qzsR7sd,2019-10-04,
0AUvWawuP0ibk4SQ3sIZjk,2020-07-09,
0GzuHFG4Ql6DoyxFRnIk3F,2020-11-05,
7eBqSVxrzQZtK2mmgRG6lC,2018-08-03,
7dH9TPjTWQ60wOJkmYay8a,2020-08-28,
2JPLbjOn0wPCngEot2STUS,2021-06-04,
3nS9a01VvXHQriLqJYwRqG,2020-05-22,
2TOzTqQXNmR2zDJXihjZ2e,2021-05-21,
4wcBRRpIfesgcyUtis7PEg,2021-05-21,
08LwMWf5Tcfsd752EPzFV0,2021-05-14,
5R691ipUYRDYW6ehapjoj6,2021-05-14,
77sMIMlNaSURUAXq5coCxE,2021-04-09,
4eNOLmx8r2IJAVKvBBL1jv,2021-04-02,
3YJJjQPAbDT7mGpX3WtQ9A,2020-12-25,
2etHQJxIbV0soyPhelVs9Y,2021-01-07,
2xdwCJLfKCkat14mlgR26M,2021-06-02,
5zNW5ARjYhJQJz1AChP33n,2021-06-11,
5pcjystBtalYeqaiXCcgEY,2021-03-26,
0cu0rhnlCnJ7JIeHRiLpj3,2021-06-18,
35mvY5S1H3J2QZyna3TFe0,2020-10-30,
1EJIcDYXwSqipW5dFe4uJz,2021-04-30,
4TIqzdAssasqx3DAe6cG9J,2021-04-30,
03ERnTvSV5fy8WAyvA4uNP,2021-03-26,
4qu63nuBpdn0qHUHuObEj1,2021-05-21,
6vFsBXYczYsP0H3lgunZOm,2020-02-14,
550erGcdD9n6PnwxrvYqZT,2021-04-09,
5pRTz4O2qOkr5nawemy6Wb,2021-03-26,
2Ox2c1WEJDeQCHTXPE3YKM,2021-04-23,
1yOL7ZiXGx5ULeLoktAUAg,2012-04-27,
6vQnpXl0KvwTfLpIhoOLHc,2021-06-11,
0hxRyDVC61KlZGS6m2Min4,2021-03-26,
6AGOKlMZWLCaEJGnaROtF9,2020-04-24,
2NnJpRXIlx35Vij3bPZO0h,2021-03-12,
0I1eFRytp4XRhLCjT6tZm7,2010-03-14,
3krZxyBsWEHfEfJegYaWTd,2021-04-23,
1edgaGx2x2AQeWtL2OPEMW,2021-05-21,
2eAZfqOm4EnOF9VvN50Tyc,2017-08-25,
6jy9yJfgCsMHdu2Oz4BGKX,2021-09-03,
5B0kgjHULYJhAQkK5XsMoC,2021-06-25,
3yaYgjEFkRw3PVjW9mV1TO,2021-07-23,
3JJL91ilRV6fXhKqu0FGXs,2021-06-25,
3SYLoL8KHxdQPYIkfwmUjN,2021-08-29,
4zbr7Cp3UB00FurUovPU03,2021-08-20,
1JXBNvlDEl2epKSJ9EOgKX,2021-07-23,
73uxnSsFMeJ15POpd3zgrV,2021-08-29,
50ceCGZ3oD3U5caQV5bP6f,2021-09-03,
7zQirOExB0VR8yWUOqYeio,2021-09-17,
6DZz58CbF0AKw5PCKqNKcM,2021-08-29,
1PDP7mLiAMwhfmgIwzhOm2,2021-09-03,
48WidxP9CqyYtk97pwGZ3c,2021-07-01,
4vsJWPwWPS27gRM4oLjBNO,2021-09-17,
4wONXG4GqWSscEyZlx300W,2021-09-10,
3JR2RztQcOjUQGQSybxDIO,2021-09-17,
2BITQ360Knh6qNAOqR7Dyq,2021-05-07,
08XWh5c0BMyD1nKVxxl91z,2021-09-03,
1058fW9H3fZA6QjYCdOBad,2021-07-23,
19n8izXThARSuQAXrOKNbO,2021-08-13,
3MmvQKMKdN3UhVS3eGzJIW,2021-07-16,
0G2zPzWqVjR68iNPmx2TBe,2021-07-08,
1ZIKpMTRPqhwAoVXWY3tXI,2021-02-12,
0nqhKXDjsyBMvbeWmgijD0,2021-04-23,
7hxHWCCAIIxFLCzvDgnQHX,2020-08-28,
4LYNt6hWctTuZWYiwafuD6,2021-08-20,
7fBv7CLKzipRk6EC6TWHOB,2015-08-28,
72dummgz1gSqm8faekYYQh,2021-08-29,
4OAuvHryIVv4kMDNSLuPt6,2021-11-12,
7qM1BWAsZMTYh4BcYLb0uQ,2021-11-12,
2BcMwX1MPV6ZHP4tUT9uq6,2021-09-03,
3QFInJAm9eyaho5vBzxInN,2021-09-10,
08F16baYbciTva9P4BvpiI,2021-11-05,
46IZ0fSY2mpAiktS3KOqds,2021-11-19,
3S7HNKPakdwNEBFIVTL6dZ,2021-11-12,
4IQkfUsrwXol38VV3U7t7T,2021-11-12,
5R4Yrc2j4jw1itr4hKcN26,2021-12-10,
08SB2OtZkaliju77WYEKxk,2021-11-05,
496vIKS2INz840xZaKncvR,2021-11-19,
3yII7UwgLF6K5zW3xad3MP,2021-11-12,
4RVwu0g32PAqgUiJoXsdF8,2021-07-30,
4XvcHTUfIlWfyJTRG0aqlo,2021-06-02,
4CkgMiMqZ5JzW9iYXSTMTL,2021-11-12,
73qMN9bXy7MSPwwGfH3wQr,2021-11-12,
6Uj1ctrBOjOas8xZXGqKk4,2021-06-25,
6pYNq0ZwpPVazKzsqpf0G8,2021-11-12,
6G2xXQRSZlEzYsUEb3uvuR,2021-08-20,
2pXpURmn6zC5ZYDMms6fwa,1999-08-23,
5xlS0QkVrSH7ssEbBgBzbM,1964-11-09,
6tjituizSxwSmBB5vtgHZE,2011-10-24,
3PIDciSFdrQxSQSihim3hN,1994-10-28,
05GsNucq8Bngd9fnd4fRa0,2021-11-12,
0v36cov6Z6aEV5ZgIlqZMk,2021-12-10,
0H1zX27yxoDrsrQA1hk5Uq,2018-09-21,
7H0ya83CMmgFcOhw0UB6ow,2015-08-28,
1OjmlSFuzYflWjSMTCyTJv,2019-11-08,
1Qi2wh8fFgDV7tl4Sj3f2K,2014-12-05,
0jNFDcGAXPs5ahngmD5R6n,2021-10-08,
1VLtjHwRWOVJiE5Py7JxoQ,2020-05-15,
22mPEYsHFBwVwjmkwx2cHT,2021-12-10,
42ZrMq4BKsWDrrbMnMRYaK,2021-08-29,
61Emqg95O9zo1GNOcyxq4Y,2021-09-24,
161DnLWsx1i3u1JT05lzqU,2010-05-11,
6HJIZUOiZDE814XMhRGSZN,2022-03-25,
42Xba467wgGvYrR2EE6s0i,2022-02-02,
4SqWKzw0CbA05TGszDgMlc,2014-11-28,
2Ghp894n1laIf2w98VeAOJ,2022-01-06,
3XOalgusokruzA5ZBA2Qcb,2022-01-07,
7FlQk2gJ6TBrHHiidvdR2O,2022-05-13,
6LtHYDgYHRCHoKK3snfr2w,2022-02-28,
6JIC3hbC28JZKZ8AlAqX8h,2021-10-22,
6krYS8KtmNAYyb5uTZiYW4,2022-01-06,
0IuVhCflrQPMGRrOyoY5RW,2022-02-04,
3XoYqtiWHhsk59frZupImG,2021-11-19,
7lcI4X8RZxK4zIknJcwpBq,2022-02-11,
79nEEoEPY2w8EXj9hjn5oc,2013-08-16,
0N0h5lXc4HOiLgGb9EZi8m,2022-01-29,
3t4KHjd8uQpJJ2fa0fRIpR,2022-01-28,
0sTlGEld0h8kIPZaKDYUf4,2021-12-02,
7Fege3yv4dvehB3NdRBGwI,2022-02-14,
0syVTyo71ordJjSd8cuElB,2022-01-07,
09gysnJpfQ3ublBmJDfcEC,2021-09-16,
5x8NgG7Ya18m9wafOvvWYk,2022-03-25,
2lUDBd7JrgAMltcp6dcd7D,2021-12-17,
5lAnYvAIkSDNXqfo7DyFUm,2021-06-25,
4tqcoej1zPvwePZCzuAjJd,2014-12-09,
3Kkjo3cT83cw09VJyrLNwX,2021-11-19,
0KCSJzsQVxkloxoT7dyrqV,2022-01-10,
7iXF2W9vKmDoGAhlHdpyIa,1999-11-16,
4xIhSUJantE6BMl3u8dtCJ,2022-05-13,
1IHWl5LamUGEuP4ozKQSXZ,2022-05-06,
62Yo3FDddWY8ydu6PW2wyz,2022-02-18,
6ws54n2IzyrIxxyzlG2bVJ,2022-04-08,
5CzixCxDkRXX9mScCmah8O,2022-05-06,
3FSwpQ9dBZBeBV6UdYHI2R,2022-04-29,
6Sq7ltF9Qa7SNFBsV5Cogx,2022-05-06,
1HvTxgCj0mTzQlEo0zLvFb,2022-04-01,
3Qu3Zh4WTKhP9GEXo0aDnb,2023-03-03,
2tzgSUZOUKopYbRqQOVT8X,2022-04-29,
2PljnVsnl2PRwCvfhbdQup,2022-04-22,
59CfNbkERJ3NoTXDvoURjj,2022-02-11,
0y60itmpH0aPKsFiGxmtnh,2015-01-11,
7IaeavdRzXYQWfu2Wt5GlU,2022-06-16,
5Eax0qFko2dh7Rl2lYs3bx,2022-05-06,
7sT7kZEYd1MrmzLLIRVZas,2022-06-17,
1797zYiX4cKosMH836X9Gt,2022-05-06,
1BzXvBpIFWJgu0P8P6xmP4,2022-03-31,
19Fg3WrTfo35Ji3PtfZE6J,2022-05-13,
7zvfDihYiJ8RQ1nRcpKBF5,2022-05-13,
3GbQcjKWT7eVpUfzqwUjxv,2022-06-24,
0fv2KH6hac06J86hBUTcSf,2019-05-17,
5PPUw4Xo3Hz6rl4GpBfd3c,2022-05-13,
3w1WjD2zJqjBjDz5fwqQPJ,2020-12-11,
0W6I02J9xcqK8MtSeosEXb,2021-06-25,
7FIWs0pqAYbP91WWM0vlTQ,2020-01-17,
4HiC3ulkTgbEcYYsSuR6PO,1997-01-01,
0De9jFjJ4eRLl7Yww2eBw1,2022-03-11,
5gVCfYmQRPy1QJifP8f5gg,2022-02-11,
0LQtEJt7x0s6knb6RKdRYc,2008-11-17,
2yjlYDiNiQkdxVqTlaSrlX,2022-08-26,
0hquQWY3xvYqN4qtiquniF,2022-05-06,
1xK59OXxi2TAAAbmZK0kBL,2022-07-20,
7Ddk8FhoYKdsVoX9AOCPMm,2022-08-26,
4fYte8ZvTK14NEhAOZocBi,2023-02-15,
1Hohk6AufHZOrrhMXZppax,2022-07-29,
3k3NWokhRRkEPhCzPmV8TW,2022-05-06,
0314PeD1sQNonfVWix3B2K,2022-07-29,
3uJFmluXzYedoJcvhpC1AW,2022-07-01,
3HyR1j49TY5ACP2lseF1jx,2022-07-29,
0oO1AbL92F6329z13C2qQH,2022-09-09,
1MpCaOeUWhox2Fgigbe1cL,2022-07-29,
5ie5OPdaP9fivYaKcjwKF1,2022-08-12,
6pr7X9UZCDn8CruopaNVha,2022-08-26,
00imgaPlYRrMGn9o83hfmk,2022-07-08,
58ge6dfP91o9oXMzq3XkIS,2007-04-24,
0wXThIDxO3YRJCpPgnmbkw,2023-01-11,
6ufcuVInt0ocHrUimDjGlb,2022-07-29,
27ZZdyTSQWI7Cug2d2PkqV,2022-05-19,
1dm6z1fWB0cErMszU25dy2,2022-05-06,
7wdwIaXUuzlu1grzWMFRJm,2022-09-12,
3XgGQ1wjo5khvq2UImjyNF,2022-07-08,
3Osd3Yf8K73aj4ySn6LrvK,2011-08-08,
6AqwH2Y9FJwhUE2dCSkw1u,2022-05-20,
0WtM2NBVQNNJLh6scP13H8,2022-08-25,
3wGT3OycqbsHFjIKMZ8EEq,2022-07-29,
4pi1G1x8tl9VfdD9bL3maT,2022-03-25,
3SeeaIXnrCfT88vHVCRWHl,2022-02-17,
44XjoNvtwevktFKjvVe1vH,2022-05-06,
1mMLMZYXkMueg65jRRWG1l,2017-06-02,
6eT2V7nKXyMf47TwPbtgAD,2022-12-09,
3eX0NZfLtGzoLUxPNvRfqm,2022-10-21,
7l2nxyx7IkBX5orhkALg0V,2022-11-04,
0wshkEEcJUQU33RSRBb5dv,2022-11-04,
2CSRrnOEELmhpq8iaAi9cd,2022-12-09,
1rv46mRwDqMEhOBZ7vODg3,2011-10-24,
4Flfb4fGscN9kXPOduQLrv,2022-11-04,
0vjeOZ3Ft5jvAi9SBFJm1j,2022-12-02,
410TZrK18uRjtsTunG14cl,2022-11-04,
3pUa0ZxdSeaJXm0EIydD3F,2022-10-21,
5BYl3SodS3rGmafWXRWmB7,2022-10-21,
0sSRLXxknVTQDStgU1NqpY,2022-11-04,
3EaJDYHA0KnX88JvDhL9oa,2017-02-20,
7fUYUcWy853HS8YJn0b3Sr,2020-12-04,
1eIXYZWEfJO3Na2LCCnIJE,2022-12-09,
4fnNBPN9W6AoOYSQS3FJxT,2022-12-09,
26hOm7dTtBi0TdpDGl141t,2022-11-04,
1TE8AAk9koG0UJco6ZAUfx,2023-01-11,
6RJBrG3VHz2hPITjv88chh,2022-10-21,
1Py8c3dkLF0YczcAyBFBEM,2022-10-14,
200x8ONbPfFzByUr3fVz46,2022-04-08,
0rHToGels2lt8Y0mCYoF90,2018-09-21,
5Y35SjAfXjjG0sFQ3KOxmm,2022-12-09,
0rKtyWc8bvkriBthvHKY8d,2018-10-26,
4xqrdfXkTW4T0RauPLv3WA,2020-03-20,
1sUdq3kWa9dJXHu3eYOUll,2019-10-18,
7faDzZnZYqTyYThx2sbHVQ,1957-09-01,
0FqBNLXlTNimxmVRdDMj6b,2022-11-04,
30VrBsh1STRBoIrhQOAwzK,2007-03-31,
5TxRUOsGeWeRl3xOML59Ai,2019-05-17,
1rXq0uoV4KTgRN64jXzIxo,2023-03-03,
4P9Q0GojKVXpRTJCaL3kyy,2019-08-23,
03fs6oV5JAlbytRYf3371S,2023-03-03,
7K3BhSpAxZBznislvUMVtn,2023-03-03,
2dHHgzDwk4BJdRwy9uXhTO,2022-12-02,
3qQbCzHBycnDpGskqOWY0E,2023-04-28,
0DWdj2oZMBFSzRsi2Cvfzf,2023-02-24,
7DSAEUvxU8FajXtRloy8M0,2023-08-18,
04CqLjewJiSAqM210vZAmT,2023-03-10,
3WMj8moIAXJhHsyLaqIIHI,2022-04-22,
2Jw3VjB1xy5KHBqEeAC6VK,2023-03-17,
0IKeDy5bT9G0bA7ZixRT4A,2022-12-28,
42TtHTxWk782ZBiqyOi2d1,2023-01-27,
1Y3LN4zO1Edc2EluIoSPJN,2022-04-22,
73zawW1ttszLRgT9By826D,2023-03-03,
2wSTnntOPRi7aQneobFtU4,2022-12-09,
12cZWGf5ZgLcKubEW9mx5q,2023-02-16,
1BAU6v0fuAV914qMUEESR1,2023-03-03,
0QHEIqNKsMoOY5urbzN48u,2022-10-21,
6HMtHNpW6YPi1hrw9tgF8P,2022-07-15,
1vcJdUJDM2NVXBsGncmLyh,2023-03-03,
2mpoNBkngUEwnaKoBhZ0vl,2023-01-23,
52ChYmfu792MW2Ezv0whpk,2023-03-24,
3Ga7Uele3zN57vQ4F0HPTW,2022-12-02,
1N8TTK1Uoy7UvQNUazfUt5,2022-12-20,
5NzfnUyVaNrxa2VtoyBWlR,2023-03-03,
0IdkFyYIDMhJqz0NL5zCk9,2023-03-08,
474uVhyGgK5MtY9gMcDgGl,2018-04-06,
5ht9obvnnWeW4eoRtPAoQD,2023-02-07,
2ENexcMEMsYk0rVJigVD3i,2010-01-01,
789CxjEOtO76BVD1A9yJQH,2012-01-01,
4RvWPyQ5RL0ao9LPZeSouE,1985-02-25,
6BePGk3eCan4FqaW2X8Qy3,2022-11-03,
1TUuhV75FeOF6UObRsABo2,2022-04-15,
7mXuWTczZNxG5EDcjFEuJR,2023-06-29,
4i6cwNY6oIUU2XZxPIw82Y,2023-05-26,
741UUVE2kuITl0c6zuqqbO,2023-06-23,
5AqiaZwhmC6dIbgWrD5SzV,2023-06-01,
2yzshFeBIwH8tWIqHEFLeD,2023-08-25,
368eeEO3Y2uZUQ6S5oIjcu,2023-05-19,
3xYJScVfxByb61dYHTwiby,2023-05-26,
0WoVfPjxsf9MTvPt9ptqeE,2023-04-14,
3kf0WdFOalKWBkCCLJo4mA,2023-01-27,
7qLr3HMApUbyDkUvgIvHnB,2023-06-23,
4FyesJzVpA39hbYvcseO2d,2022-10-17,
0AAMnNeIc6CdnfNU85GwCH,2023-06-02,
1odExI7RdWc4BT515LTAwj,2023-04-14,
1bDbXMyjaUIooNwFE9wn0N,2022-11-04,
3RA55zrRkyPK8Fd86hrMy8,2023-06-29,
6unndO70DvZfnXYcYQMyQJ,2023-04-28,
2L9N0zZnd37dwF0clgxMGI,2022-04-08,
0Ymjv0OJeIIPXr6s9wi3iW,2023-05-05,
4muwDurKeVOB1WBjTVRWlD,2023-05-26,
3B0swL7Qil9bB7eKzBREBK,2023-06-29,
5wG3HvLhF6Y5KTGlK0IW3J,2022-12-02,
3ZEno9fORwMA1HPecdLi0R,2023-04-07,
1haJsMtoBhHfvuM7XWuT3W,2023-02-10,
3F5CgOj3wFlRv51JsHbxhe,2022-06-17,
58k32my5lKofeZRtIvBDg9,2019-07-19,
6DLbBlGIOjjEj0dNN25zhZ,2023-05-05,
7kOletJ0Q5H4MWe7cfeZXP,2023-04-21,
1h0rVgfuKa6V9DkVSLAc4Q,2023-06-16,
3X6qK1LdMkSOhklwRa2ZfG,2023-06-02,
3v3gyQkwRQGwDUZ7V2q2lF,2023-03-31,
30bqVoKjX479ab90a8Pafp,2015-01-01,
2dSKFFNoNXKo3hPnlwUdPe,2023-04-28,
4kjI1gwQZRKNDkw1nI475M,2023-07-28,
6wsqVwoiVH2kde4k4KKAFU,2023-07-28,
4daEMLSZCgZ2Mt7gNm2SRa,2023-06-30,
67nepsnrcZkowTxMWigSbb,2023-07-28,
6wf7Yu7cxBSPrRlWeSeK0Q,2023-07-13,
78Du4CMFgnhdlG33gblkiP,2023-08-11,
0lodMO0qK83vfPiiD7FMEt,2023-07-28,
34sOdxWu9FljH84UXdRwu1,2023-09-08,
1kuGVB7EU95pJObxwvfwKS,2023-09-08,
0hL9gOw6XBWsygEUcVjxEc,2023-07-28,
7C1BLYzAvR0KdBpov3GpUZ,2023-08-25,
4e3ZNTAV6PCrdYMUrUlMpQ,2023-07-07,
4iZ4pt7kvcaH6Yo8UoZ4s2,2022-12-09,
6T7FXSuXykeGktMLGp8WgE,2023-05-26,
6dTA6y0C2ReQklntzZl8l3,2023-07-07,
7eOuUmpnHBlg5zsm8Cs7c3,2023-08-25,
0zo975x58DlXbZllWvfYhg,2023-07-07,
22VHOlVYBqytsrAqV8yXBK,2023-07-18,
0bkV1iQHSxBaksUqgEkcbc,2023-07-28,
3a36nM6fPVA8K1vqq6d03o,2023-06-30,
3hUxzQpSfdDqwM3ZTFQY0K,2020-07-24,
12nBPF4Rh4XLFJV0YLN7uj,2023-07-07,
0gWrMbx6pbdH3n3nsLjE55,2023-05-19,
7sliFe6W30tPBPh6dvZsIH,2023-03-17,
3BHFResGQiUvbYToUdaDQz,2023-07-28,
4YQImHflXSiIMXntcwPkx8,2023-09-08,
0fCwTrRNfoNk962ati8n2K,2019-08-02,
0FA4wrjDJvJTTU8AepZTup,2023-02-05,
4qtxILwBcAHEHbG7R0xF4r,2023-07-28,
6kQF79mjbOkvuRvg0J2XZv,2023-06-30,
7rzNKooM3JrKVT40fR22HI,2023-08-11,
6WzRpISELf3YglGAh7TXcG,2023-06-02,
0JXXNGljqupsJaZsgSbMZV,2010-11-30,
3fqwjXwUGN6vbzIwvyFMhx,2015-05-04,
4ZT0wGKwlJRjpMUuwZVy3p,2023-10-06,
4rXLjWdF2ZZpXCVTfWcshS,2023-06-16,
2nibvvDdAQkVraYP00z2RS,2023-10-06,
1Iq8oo9XkmmvCQiGOfORiz,2023-10-26,
3nNmRE0DxHC6ZaKkrpUumS,2023-10-13,
5KD6AEm19QnMbfWpfoOHMl,2023-10-26,
1hR8BSuEqPCCZfv93zzzz9,2023-10-26,
4OMJGnvZfDvsePyCwRGO7X,2023-11-09,
2ve0kuaWUCt4Zx8x4bf1MR,2023-10-26,
2ByBBvpR9b7IynvRmnG7kG,2023-10-26,
4PS1e8f2LvuTFgUs1Cn3ON,2018-09-21,
1ODFVLQszq0hCOdZtqV5wq,2023-10-13,
3pv7Q5v2dpdefwdWIvE7yH,2023-10-26,
75W3SngKzTuoQ94uLf3y82,2023-10-26,
4so0Wek9Ig1p6CRCHuINwW,1942-01-01,
1yeB8MUNeLo9Ek1UEpsyz6,2023-10-06,
6uIIdjYTxxpWOyWuVXrKQO,2023-08-30,
01ppKlDRCmPpusO3yNrSRY,2023-10-13,
4UwqOWDpdeIDVQDuKT6iza,2023-10-26,
1a73gcEg6h6Re6hHXoVltJ,2023-12-08,
17cia5k4BpGVlyEfqrFH50,2023-11-17,
6dBUzqjtbnIa1TwYbyw5CM,2014-06-05,
0xxZY5C9xxij3D1HkzbnfC,1962-01-01,
1SV1fxF65n9NhRHp3KlBuu,1980-05-16,
0PAcdVzhPO4gq1Iym9ESnK,2023-03-03,
5W4kiM2cUYBJXKRudNyxjW,2023-03-03,
5CscrLqFBgPfZR8fGtikov,2023-09-08,
3kfhS2L56Wj8fBcu7xE47H,2023-09-15,
38R5sydMbsBzSPGPMfmtpb,2023-10-17,
0hvN2v6fAcB6xWyW7UaooA,1991-08-26,
0Ie5uiv54KgCr7P4sYDTHl,2014-10-10,
4HeViKsdSOLkOvwfcRVkK8,2023-09-29,
7fveJ3pk1eSfxBdVkzdXZ0,2023-03-03,
1SjsVdSXpwm1kTdYEHoPIT,2022-05-20,
5P8Xvy5tzhmfyfA6GplQ8h,1953-11-11,
3RwWW7KeVhHGayYJgUL5eZ,2024-03-08,
41onDks2UPbyjer5fMeUWf,1988-09-16,
5tEaVciE2GnR28aN6W9cLS,2024-02-09,
28drn6tQo95MRvO0jQEo5C,2024-03-22,
2tudvzsrR56uom6smgOcSf,2024-03-22,
79AHPJd8upvNxyK2qQcY8J,2024-01-26,
0Lmbke3KNVFXtoH2mMSHCw,2024-03-08,
7KA4W4McWYRpgf0fWsJZWB,2017-07-21,
3w0w2T288dec0mgeZZqoNN,2024-02-09,
347AQK5Lyhn6RvB8tBGYxt,2024-02-09,
6rjuKpPydT2SxN15TZpV7r,2023-09-22,
42VsgItocQwOQC3XWZ8JNA,2023-07-28,
6tNgRQ0K2NYZ0Rb9l9DzL8,2024-03-22,
1udwFobQ1JoOdWPQrp2b6u,2022-10-31,
7aqfrAY2p9BUSiupwk3svU,2023-10-06,
04CyMEHliadfQWMUJb1w99,2024-02-09,
2YSzYUF3jWqb9YP9VXmpjE,2023-10-06,
7pBcryEKcUEaWHwAu1wUyP,2024-03-22,
003vvx7Niy0yvhvHt4a68B,2004-01-01,
4q7y1JFDBJSBSLqXVgcI51,2024-03-22,
2y4ZR0BUAVePljHSsZyIgj,2024-02-09,
2K7sv1mno9PvbXVBpqvSKn,2024-01-12,
3xKsf9qdS1CyvXSMEid6g8,2016-08-20,
7hVb3OyFkgxDgpTdrOX6dT,2024-02-09,
086myS9r57YsLbJpU0TgK9,2013-09-09,
72qABvaqn3TP6drO2tByA6,2024-03-22,
4yreExU3eRNTe2iJz6X6k3,2024-01-12,
0caJ2wkqp4UmXBwdR2JvB5,2023-06-09,
6XjDF6nds4DE2BBbagZol6,2024-02-02,
5TXDeTFVRVY7Cvt0Dw4vWW,2017-08-25,
0JmnkIqdlnUzPaf8sqBRs3,2023-03-03,
43SoxERu5UlXAgt4Es1VQU,2022-11-18,
6FBzhcfgGacfXF3AmtfEaX,2015-02-15,
3CWq0pAKKTWb0K4yiglDc4,2023-11-29,
77DRzu7ERs0TX3roZcre7Q,2024-04-30,
3NMrVbIVWT3fPXBj0rNDKG,2024-04-18,
5ZLL6wYXeqg0k35ZkDRfhZ,2024-06-21,
2XXwLdtuAcE0HSCu61ijAb,2024-04-18,
2tHwzyyOLoWSFqYNjeVMzj,2024-08-23,
19XpFsce28aByvCC4g89tJ,2024-08-19,
3Vevii7qKqrmW8CcyzBHDl,2024-04-18,
4xdBrk0nFZaP54vvZj0yx7,2023-09-22,
3eh51r6rFWAlGQRlHx9QnQ,2024-04-19,
6fPan2saHdFaIHuTSatORv,2024-05-17,
6zuPQl2RVqQ4y5nAH61CFC,2024-03-27,
1yfKakY4rvI17lk20ekuRA,2024-04-05,
6Y4rniIxibegzsg8cdWAWV,2024-03-29,
57wp7VFnV8X0pSVnYArGeJ,2024-02-13,
2prqm9sPLj10B4Wg0wE5x9,2024-05-17,
6TGd66r0nlPaYm3KIoI7ET,2024-05-17,
2UDARQiksl207HcSduDpov,2024-03-29,
0W0iAC1VGlB82PI6elxFYf,2024-04-18,
76OC0zMt7wqgys9BpPfLag,2024-03-27,
27a8HLPwti6tmgQ6FR8aVI,2024-03-27,
0K9tfzrxJyCQIf7oAlPwaK,2024-03-29,
3NtCIBBz5pEAVGeHL4h5mS,2024-03-27,
1ACA277B6f46DYCgZW8di3,2024-02-09,
5Bedn0svl0ZD7RGmJkmKKw,2024-04-19,
3evCfqmaP5ZFbWMeFI0E21,2024-03-27,
1FhgmMvNlh3nJ1Ldc2eE6H,2024-07-19,
5wbg8kepMFoMzHOEuxiI0q,2024-06-20,
1QvDl9tBq6PsMVE7Bf2ZOV,2023-08-29,
0JcD5qI9SxWqdEWmRjUX9X,2024-06-14,
5rb9QrpfcKFHM1EUbSIurX,2004-03-23,
2o1pb13quMReXZqE7jWsgq,2024-03-08,
3cmdqMDc0Fj4TgPeyDOYTM,2024-03-29,
7yNf9YjeO5JXUE3JEBgnYc,2018-10-16,
6LAicOLiCrHw0bmaLBDbC8,2024-05-10,
0IsIY8pfu1yaGkPUD7pkDx,2024-10-11,
7b6sWLSnbZhSIeqNGrJ4py,2024-05-03,
7Fzl7QaTu47WyP9R5S5mh5,2024-07-05,
5VhvD0AKRprEaFtPNKGBQR,2024-08-23,
102YUQbYmwdBXS7jwamI90,2024-08-23,
1UHS8Rf6h5Ar3CDWRd3wjF,2024-08-23,
5iJKGpnFfvbjZJeAtwXfCj,2024-07-04,
4KULAymBBJcPRpk1yO4dOG,2023-08-25,
6StwwqB84sJeLr7tZDTxEX,2024-08-15,
24XihnoVPWXlKJ4BgXqjVM,2024-09-12,
6GG4yyk3UATdBfTHVgI8PB,2024-05-16,
2CIXO1jQbrV1hlfI7FUKld,2024-08-15,
0OA00aPt3BV10qeMIs3meW,2024-07-09,
7I3RalBqE7ZE0RSxgGlGlm,2024-07-12,
4ZJ4vzLQekI0WntDbanNC7,2024-05-24,
09LrGvT9KsACH66RHYMDyR,2024-08-23,
59151GHN7yr5g9B3bqlGdR,2024-07-12,
0lJNSfWnwJMIh94Dv9jQUt,2024-08-15,
21LCotDEwR7R8qOnqPVzi9,2024-07-12,
6me7F0aaZjwDo6RJ5MrfBD,2017-05-17,
5b3XJ1pjrHO5JtY2PcTjnI,2024-06-28,
3uC4r2daXertBxxc8BpbbN,2024-07-19,
3XbIhTYl6a0uXPyO43eiXa,2024-07-04,
4q5YezDOIPcoLr8R81x9qy,2024-04-18,
1vj47xD8v9wIhQrmQY2Dkv,2024-07-04,
5lKFO0PrOC9jmOlPEdjHsL,2024-08-22,
0DM63CJEklNPKu6kHGyuEl,2024-08-15,
2aPTvyE09vUCRwVvj0I8WK,2018-11-20,
3hRV0jL3vUpRrcy398teAU,2015-04-06,
5giwUhMFuodJcRhA8tlLSQ,2024-08-19,
6IPwKM3fUUzlElbvKw2sKl,2018-11-21,
69phA1R4gmQsBFRQ3INW8C,2023-11-17,
4xhsWYTOGcal8zt0J161CU,2023-11-10,
7ne4VBA60CxGM75vw0EYad,2024-10-18,
0HEytGQM3bG1vKxER7IgVK,2023-08-25,
5S8VwnB4sLi6W0lYTWYylu,2024-11-22,
2EjXfH91m7f8HiJN1yQg97,1964-10-19,
1QoyuMHNBe7lg3YW4Qtll4,2024-10-28,
4BSR9I4ExlCJdXJo2GpBD5,2024-10-28,
7hR22TOX3RorxJPcsz5Wbo,2024-10-18,
5RePVWy39tLpHH0WwXgBsK,2024-10-28,
3QiAAp20rPC3dcAtKtMaqQ,1957-10-15,
0wgOhYnqZKjOHr6bmdz0aN,2024-11-22,
3aZptNYC6Z1YoumeqZcDcQ,2024-11-22,
2pnPe4pJtq7689i5ydzvJJ,1986-01-01,
3qCeq0rWK67SoBDgFd2sId,2001-01-01,
2Uts1QFB4u2YNIMiqcb4de,2024-11-22,
3siwsiaEoU4Kuuc9WKMUy5,2024-05-31,
0pvZCv4JOS5WBu7JITYef6,2024-10-28,
1SGvjfc85yzqKXsfKcCxn2,2024-11-22,
11bJ1ws3dathgY9uzADUhL,2024-07-19,
1XBYiRV30ykHw5f4wm6qEn,2023-11-10,
6thXB4RmajS4oZPNiBAKy0,1993-10-12,
4nVBt6MZDDP6tRVdQTgxJg,2013-11-25,
04vLj9QUXoKdRlsp3gkURo,1945-01-01,
5QMrH5nszZZR3nefIj6Mar,2024-11-22,
51rfRCiUSvxXlCSCfIztBy,2024-06-21,
7EBy2V93Ykyvfc5CMApTGc,2024-11-30,
0OWhKvvsHptt6vnnNUSM9a,2022-07-15,
3QIoEi8Enr9uHffwInGIsC,1978-11-27,
1aXV8GrmQLvgoFtBPERP7E,2019-12-06,
1WIZiOuNO3woKfdlSK2gNn,2017-08-18,
0hz5PNF2wejwUKCMpesQWt,2024-09-27,
4YLizxRQsTqqnvzzYq2VaE,2024-11-01,
2OzhQlSqBEmt7hmkYxfT6m,2024-04-18,
1g7pFO1WtclKCuIQiS8sNM,2024-12-20,
5xDrO9DEDJGUQGfyoHvgDJ,2013-01-01,
1G391cbiT3v3Cywg8T7DM1,1999-06-08,
5xHgo5JN0wfsV41HnRaos5,2025-03-13,
3MJ6lFNV12FSHAOzTzkwxz,2024-12-31,
3tFed7YsjGnIfxeLEQwx3R,2024-10-28,
3AWDeHLc88XogCaCnZQLVI,2025-01-31,
0aB0v4027ukVziUGwVGYpG,2024-11-22,
2lTm559tuIvatlT1u0JYG2,2025-01-05,
7AeM1BGYM7emrqmQn1PuWv,2025-05-16,
21IYMdzTrzSe191Cy5eMap,2025-04-25,
00iLTetTLAeImmBlh6jOJh,2025-03-14,
4u43I0LP2Xf85OAS85eG0R,2025-02-14,
3aSWXU6owkZeVhh94XxEWO,2024-12-20,
5nk6BxN9bM5rLNkA3pMOzn,2025-01-03,
0NUqi0ps17YpLUC3kgsZq0,2025-02-14,
0rNgWFQJtfttOYIHfDOHCg,2025-03-14,
5Nz7hI3cCOHmMR4vSLJ1An,2025-02-14,
0stJVUUSrbEwyFHOp2dRu0,2025-01-30,
5WEF0icHWmAZBBMglBd599,2025-01-05,
0DA8aZZvG73AijDYT00ki1,2025-02-21,
79x7xtoCLpf6l32Zz6mWo4,2025-01-05,
6jbYpRPTEFl1HFKHk1IC0m,2024-10-28,
7xAvtuHf8nGi5OtXVPYgb3,2025-03-14,
3FjK86616FbluOfTxNK2gY,2023-09-15,
1pzN8bCzy017iK3vWzkk6Z,2025-03-14,
63Pi2NAx5yCgeLhCTOrEou,2005-01-01,
21aDVa64pWR8SYQ7wBRMkd,2025-03-14,
5RKQ5NdjSh2QzD4MaunT91,1981-07-17,
1DpC4L3JjsGRW7y6eTHaMj,2025-03-19,
6jp9WjJtKF0Fgks0Y9Kkni,2025-02-21,
6LxSe8YmdPxy095Ux6znaQ,2011-11-15,
7zFXmv6vqI4qOt4yGf3jYZ,2017-08-25,
53WWD2BBC6Jcip8wy5CniE,2025-02-21,
0OpC8hRrbsh24taKOsQBEX,2024-08-09,
04emojnbYkrRmv5qtJcgVP,2025-05-16,
4GqhG9rDuRUoNyDSMJ0Brq,2025-02-14,
5IoPnNiYAOvHHJpz13wzRL,2025-03-07,
1lfO0bqThTLimzHsvk3LrN,2025-06-13,
3LPLRNr58Z9Pn0clnEtkXb,2025-03-14,
1BDLD4c07q0bmq2VCRsXoE,2025-05-16,
0TFTAtCYhp2tQ9KcJIZb55,2025-08-22,
2jNyiavSywmA472t2m6ZBz,2025-04-24,
5z0LSDpPpGwc2ZyJHpsE3J,2025-05-16,
0GnNHCDj2WOJl70UUcvAEP,2025-05-16,
6TUf119oQrkteMSKTE1SOf,2025-05-16,
7qjZnBKE73H4Oxkopwulqe,2025-08-22,
6wZOZ0votPhc8qdg4UFPtH,2025-03-28,
68qeaZhtMZ6abrJCYt6nQn,2025-03-14,
0YsIYFRoxkmEvbKCwTp0Tg,2025-05-16,
2qPQcfUgizNDOIv1orkTAd,2025-07-18,
6393yGahSJ9slVdOwSxOVR,2023-09-21,
7igCS2ZsfV7bvxuhF4XgiQ,2025-03-21,
4Km9FSF9iaQiTLnFPdbPom,2025-06-20,
4HWDNZ1i6gyzu9tUbNhC2C,2025-05-16,
2JPctdUgvkQSpnUdfROxvY,2025-05-09,
3t6gUcGYLrUuqwpXjOFWQc,2024-04-05,
0nj9Bq5sHDiTxSHunhgkFb,2024-11-22,
4IixOTCzviJgIigKleiVbo,2025-05-09,
7y9iMe8SOB6z3NoHE2OfXl,2017-06-02,
3anaHXs7z8NwLUatPxqJlE,2025-04-24,
0T1tCsZ2qPRf6fwphjlNPM,2025-04-25,
7aURTqVzpZxkJfboCvGc69,2025-04-11,
2ZWlPOoWh0626oTaHrnl2a,2016-08-20,
5uhxL7UwvTMV6FSCTpKcjc,2025-05-16,
56BtPjjWiRc0ch7DH8DNu9,2025-04-11,
1qbmS6ep2hbBRaEZFpn7BX,2025-08-15,
72PVbRKkUimweUPV0nKAPs,2025-07-11,
01p5urrGw5fuFCcfT7PBgc,2025-07-11,
4sLvxpKLvagQ4lZHUpymza,2025-07-21,
2SsY5k7UWFqgye3PUMG3Oq,2025-08-01,
1qyw5wSUkEvH8DtaCdx7Lg,2025-08-29,
6xV7Be6XEvkSnighmh2Tzj,2025-07-21,
3RXUgPNIbUgFxsDWuBQEt6,2025-06-20,
0je57Uq5eTk1wrPzn9sWbl,2025-08-29,
0M7mWKqwTIaVjYyxfZmtTa,2002-01-01,
0LutvoC2HqCfnaRSjrhtzo,2025-07-11,
21IVPfi81m6ywNgOvqTj1i,2025-08-29,
3WgFhZfyk5nb6v7hkwPmD4,2025-07-21,
1j8TmNa6vaFAEAws43kP0Q,2025-07-11,
5FMyXeZ0reYloRTiCkPprT,2025-07-25,
6wkYQMrFfb0huLB5Qn19Iv,2025-08-29,
4gfrYDtaRmp6HPvN80V2ob,2025-05-16,
1PdUyYYw9sGU0yhLrpeHKt,2025-08-29,
2BkTPMr1v6Fr6JJwc4V7R5,2024-12-06,
7D0RhFcb3CrfPuTJ0obrod,2000-07-10,
3AD73lKeY2c9JhsHRqWkOw,2025-07-11,
5cfsQZEFf1IpQr8F9vI9le,2025-07-11,
0qRR9d89hIS0MHRkQ0ejxX,1976-08-01,
1Y373MqadDRtclJNdnUXVc,1970-09-18,
3cZajhyr8LmtPfHZ9296tj,2025-06-06,
2J051fjLklkoPbzOoTAACZ,2025-02-14,
5dUCixiCL0CcIUdlgUl1ct,2025-07-25,
42T2QQv3xgBlpQxaSP7lnK,2001-01-01,
1Iw5iLfAwDvS6frI82gMoV,2025-07-25,
2x3mwb96B6TquRqMtbxUE1,2025-10-03,
7Ar4G7Ci11gpt6sfH9Cgz5,1972-01-01,
4eLDmhsJW3JoZTXCAozHor,2025-02-14,
5eXgqtg3T8Av0m1FUaGHex,2025-10-03,
1jgTiNob5cVyXeJ3WgX5bL,2025-10-03,
5ylJtmaWPJ33cW3En7WOu0,2025-10-03,
2RkZ5LkEzeHGRsmDqKwmaJ,2024-09-26,
03bTIHJElXZ0O0jqOQvAbY,2025-10-03,
47ohYW8e7dxCYn9qbUMBCI,2020-12-04,
62V2ZHslgQV98gH4AuVXnr,2025-10-03,
3XsaSIPWvM61RIFfeb0BBR,1945-01-01,
4qmFC3Jz5aQ0erlk2OSi2X,2025-10-03,
7scFxt9VhL4FJwuPSfRlfN,2026-04-10,
2OZVskV28xxJjjhQqKTLSg,2025-10-14,
0InIeZW4P6VO7dUGRM4AKH,2024-05-31,
5o0hD6Bs6RdyZxfYBoEEc8,2025-11-21,
42VUCXerQ5qTr4Qp6PhKo4,2025-08-29,
1Wf14bTyb6UeKojy8ykPYm,1963-01-01,
48axmFD7PUPnTOdSFMYrvj,2025-11-13,
4Yg2w0P29BBBMixyeNjDtj,1984-11-25,
57Z6TJCTMACXxdrcwZ3Zvf,2025-06-20,
4rMNgxEwGWoPHIUcvB5BrB,2011-09-27,
2Nig1jX8uBu3LdSSUrm7Fp,2025-11-14,
5UWwZ5lm5PKu6eKsHAGxOk,1997-05-20,
3EMfeKtNK4q4k3sVjwg5Yy,2025-08-29,
0O4vuJynWVVdyvoHvZtnk3,1998-09-15,
5T0mnzMsyHtmWB7Kou51Ph,2025-09-26,
53iuhJlwXhSER5J2IYYv1W,2025-10-03,
6sGIMrtIzQjdzNndVxe397,2025-09-26,
59D4DOkspUbWyMmbAPQkxZ,2025-01-05,
7N3d1hsZZpmmnovfAtnVFU,2026-04-24,
3xClevycpBON8bkyxFbAna,2026-03-06,
0FlcmZ13DGRmscCroro9GO,2026-01-30,
2gYTC8DsplN3RNdpdBcCOQ,2025-10-10,
67Ar9BnEeB5FU5vQBYhbGe,2026-03-20,
3THVfoVD5kdCxPviVaCPi7,2026-01-02,
5ViLKrbyL3HD6wsq3AB9eI,2025-11-14,
1CPZ5BxNNd0n0nF4Orb9JS,2025-06-20,
57ENogEkvFsU7Wmt3lvQMG,2026-02-06,
4Z5KKoBGxpJo8YbDcGQXd5,2026-01-30,
2A22iI0x4EYAVXNpKPhNEM,2024-11-01,
7s7v5EoNLD6TwDu4Nw51Oy,2026-03-06,
1sVBT215CDmVJvfy1E2OCU,2026-02-27,
6DH13QYXK7lKkYHSU88N48,2025-10-24,
75FEaRjZTKLhTrFGsfMUXR,1985-01-01,
03tqyYWC9Um2ZqU0ZN849H,2010-10-01,
4jyyma8YdFC4S4llusSFRu,2026-02-13,
13HD3tYTiz8oSRxWzXEq7g,2026-04-10,
7eqoqGkKwgOaWNNHx90uEZ,2016-08-20,
3QuRLv8zkIYH31O5VgEpmo,2026-03-06,
3kUHIvjJ8p9UzeaeeqHkfg,2026-02-06,
4ThbwJaIWVxXZ1qJaHQBCz,2025-11-07,
2hnMS47jN0etwvFPzYk11f,1996-07-30,
58q2HKrzhC3ozto2nDdN4z,2018-04-06,
1LzNfuep1bnAUR9skqdHCK,1993-10-05,
2wAJTrFhCnQyNSD3oUgTZO,2011-09-27,
0EqH5Wz93cJtfUGv3vtQPY,2026-02-06,
3pAVk6Ydn0dcGpG8gDyxSJ,2025-08-22,
41v5ExDEEEvJsWAPo91aoj,2026-01-09,
0iKo4pNNjHHdKUcFARlfCa,2025-01-05,
55pBIZO1cqoldeqpp5WR7H,2026-06-12,
55wlsNYqcfiQsHuX8l0jmF,2026-05-15,
7J1uxwnxfQLu4APicE5Rnj,1982-11-30,
4kX7xkopoXZCfE1D6fNwl2,2026-06-11,
514joG57v4yKTsfQmz7stz,2026-05-15,
3B4cjvGlPvyBLNG3AzEgkZ,2026-01-30,
4Ilw2lD6z4WBqh65vUUZUf,2026-06-12,
61rwYQu9An4QWrcCUyFUyq,2026-04-10,
3cLCA9LSb6UiOeNvTZoaav,2026-05-15,
53qkszfgztIvkFyF31GfdQ,1977-01-01,
46eu3SBuFCXWsPT39Yg3tJ,1979-08-10,
6f68Ac5tt5BQOpwr0BV9oN,2026-02-27,
4rECUI03C2RMqr5GYvqjlJ,2026-04-24,
3EnTGnmNu1TDEcpbbTajuo,2026-04-24,
0AcgKF7kbSoCkh3n7vlHwK,1987-08-31,
2SaWT781xr3hHLdbVt5DB7,2026-03-11,
4KmkJjHTNlr1jFY56Lyz4E,2026-04-09,
6J5kc12BW5HuP3d7C3vvx8,2025-01-05,
2009X8GyWTqyxIdzAEYW6N,2010-01-01,
70LcF31zb1H0PyJoS1Sx1r,1993-02-22,
6Qyc6fS4DsZjB2mRW9DsQs,1998-01-01,
1rIKgCH4H52lrvDcz50hS8,2017-03-17,
4bWZz15GR1EE8E8x23rDWV,2026-03-28,
0gEyKnHvgkrkBM6fbeHdwK,1993-03-01,
0EsJdOSOrBfTo816lWRW4Q,2026-05-15,
5T7ywazdGIydr6JCW6t02j,1987-08-31,
5r5cp9IpziiIsR6b93vcnQ,2008-10-03,
33KU9huHP1Lv1UWWVkuTYd,2017-12-31,
2XHzzp1j4IfTNp1FTn7YFg,2013-01-01,
0IjdXwCEhZR7JIwq6Za8j5,2018-07-03,
22NHkFYbgxB2Zirj29Gbp8,2026-07-17,
3fRCAPMMZ8l8P9YKI6OCzD,2026-06-11,
5DZOKNtaoVEssXu9ltcMjx,2026-07-31,
36idurZmYRjJ56KQ8JD9bN,2026-03-27,
3xwMjQriBVW0OGEvNKo9c0,2026-07-24,
49j6SvuvWfbEKZKzsHCdLJ,2026-06-11,
3d1oTMjtfVySbAYQp3v4MU,2026-07-31,
7bxaFZ1O3cHkgLKMsdC3xR,2025-10-17,
6De8sirPzVyAoBDlQpcutY,2026-03-18,
55srcWA7TioKV0LZVNXltY,2026-07-31,
02HyFYmpzt02VJ8k0CqxKj,2026-07-23,
6QhsCYcFdfyMbPWCiViI8K,2026-07-31,
5fdhThPDe6jQQDqCyWrdAn,1974-01-01,
5qqabIl2vWzo9ApSC317sa,1995-10-02,
1VOSSXuWRcBj2rpfxNdX9v,2011-04-26,
79RJg6MqIJlBuedcMqB9F0,2026-06-25,
05ZACkzW8YbRq3eFgIfSNB,2011-01-01,
5BZsQlgw21vDOAjoqkNgKb,2025-07-11,
0dOg1ySSI7NkpAe89Zo0b9,1984-06-04,
1qRV1dKLOfH1s00b9J2LUQ,2025-09-25,
7yq4Qj7cqayVTp3FF9CWbm,2014-09-08,
1KGi9sZVMeszgZOWivFpxs,1999-02-23,
3iEUDvanZwQhLCIqUmCR7N,2010-08-13,
4sIFi8LpJWPvI5xviWFyA6,2000-12-05,
0COqiPhxzoWICwFCS4eZcp,2003-03-04,
2FZcjBYK4dTt48q94pJbJD,2026-09-03,
3eZcmEO0X0nsfV8E3NZelo,2026-06-26,
5ihS6UUlyQAfmp48eSkxuQ,1975-07-11,
6DoUDG1GJrJf6eGQLUBBnm,2026-08-07,
7ujApz6iFP3PmKIDGcaGbe,2026-07-02,
0GONea6G2XdnHWjNZd6zt3,1984-11-05,
5Ctzx0mMiUPAu9JqbAOY9n,1979-01-01,
3hxIUxnT27p5WcmjGUXNwx,2020-02-10,
5wANPM4fQCJwkGd4rN57mH,2021-05-21,
2z9iLlNBt1aLZUCFgXby97,2020-07-06,
0d6dbFvKczX1Us3J7TsMMv,2021-01-22,
6IAqflHsPVm4EpYghXauX7,2018-03-01,
50cmxP6KlnQA9IG3q5ckKD,2021-05-05,
1J3SmWwlYAG68LGKr86MVH,2020-12-20,
5Ojsg9xR0wlTpDIW1qLYz2,2020-12-26,
1fh5Sf3fFESFOS8D82RQiI,2020-12-16,
3pyHABNUu0QxeyH1x8p7yf,2020-11-26,
6B1Io9VDzMAmwFjrplDJw8,2021-03-01,
014DA3BdnmD3kI5pBogH7c,2020-07-11,
1pQHqk6qWM5xbNeobMCGBZ,2020-11-16,
4TfH2Syxsx2cAJShY8u6bT,2021-01-13,
25edeHHueINMguqu9emCyV,2019-10-21,
249gnXrbfmV8NG6jTEMSwD,2020-11-20,
0f5yQttJS5nNxRAleF4kZO,2019-07-03,
2dEpaH5nsfnzU61LQ9rJuH,2020-05-30,
4yAJOZ8ZBAKfXCI20hsVjf,2021-03-01,
4TyQKEifYDWTfTSRwpxlYI,2020-09-07,
1PSmJr2mHzDjYXrKvQPKb0,2020-12-16,
42mIT9wfmgA48DTN8GmCxX,2020-12-25,
4Wdwvi2C5MD8zDi9Kg3x4X,2021-03-01,
0OrwGH9aeguhopTVubv0VZ,2018-06-02,
2rbDhOo9Fh61Bbu23T2qCk,2018-10-05,
2wVDWtLKXunswWecARNILj,2018-11-12,
3yWacnoBnM0lrzLmXAk44d,2020-05-07,
4z5dAyLMnkKSHkOkwbR1RX,2020-12-15,
3ndCsZfq8OVwwkz9mmZvUz,2020-11-20,
7wHBNIBO353lf9aVvmUydT,2019-07-25,
2OZTkXYCNbZS9TwPRy52Js,2019-08-28,
3XoflnowYPFRPOh3uFvHcm,2021-03-04,
6BToHhGtbW8eMQFaEv0i2d,2013-01-01,
6hUpxEKFSjS8metuA1yxlf,2017-01-27,
6uxuJ8Fr1AAfSPJUF9N1yr,2022-09-09,
5nD5PVXUkIpv0WcwfNFrgS,2021-04-20,
3wGx3gYPjECKZazGNuPEX2,2021-03-01,
1w3eUC89GPspKpi62tPwjt,2020-12-16,
1xoadYaxtOp9gHDwgmPDuz,2021-05-29,
7BoobGhD4x5K96Me0hqC8Q,2021-05-14,
63qZf6349d3ngku9hrzLac,2021-05-14,
27F22WcGDyl4Z2KylVJkXL,2020-07-03,
0ClPIeT6MSgfSgQ9ZrJbAq,2019-10-01,
7dJVE53hGAX9TcKH0abFic,2021-03-01,
6iWPQ9xAYH3ZePu2Z209Y6,2021-03-31,
4rPrBNnDgdZpS5gosHv0yr,2021-04-21,
4qJSUFwZFouto5VZUlln75,2023-07-14,
696w9BHmEY62myVCSDyrYW,2020-02-07,
6jOP08e9PHDnoF3reZcePE,2020-11-11,
1HDrKXya87GMQfAGPlqNS9,2021-03-01,
1CyYcBdukmFjFibDZaDlHc,2020-07-07,
79xFFmGKtEyky0I2G9U9Jg,2020-06-29,
2QdH0rKlV3d9Y6lWzcnlBH,2021-04-30,
2FWBdovgRvBSzA1JESUe0D,2020-01-05,
0MMyJUC3WNnFS1lit5pTjk,2021-05-21,
6UelLqGlWMcVH1E5c4H7lY,2019-12-13,
6PLNoijWdc3dWqc1KKjv73,2019-04-20,
4vfhartd7HDWGJbdVIycEu,2021-04-29,
1EmMFSLRVkOszCa4ul9z0F,2021-07-31,
2XjbfQQZlPwOMTmJR2RLfC,2021-07-02,
6B4AdZzwagId7wvWeJEkiq,2021-09-22,
1mKDbug8bbfDmLe7I4CJpe,2020-07-25,
4Iz5EWPCAT8jYNk4IpLoll,2020-11-17,
0e8nrvls4Qqv5Rfa2UhqmO,2021-09-17,
6TD5xfffOnYHliuF1wzL6U,2021-03-01,
2sp32rIevQhpbo0Z4aQzoe,2021-09-24,
5uyNAX6MazVAjBjVeOsTvp,2020-05-11,
6Fbsn9471Xd0vVsMWwhePh,2021-03-01,
2Gazl1MAVX8vmo8E659Vq8,2021-07-18,
1Ov37jtRQ2YNAe8HzfczkL,2021-09-17,
0J2otOvMdg62gVMMjwOvSK,2020-09-22,
7LVrrX8pkzI9fMF88nGabt,2020-12-20,
2m6Ko3CY1qXNNja8AlugNc,2021-09-09,
149BxWeweaCqmsyedkNiiE,2021-09-03,
5Vv7AuoyX4aFz8zcztSwMB,2021-08-01,
2qnnREp8mFVipaEoUlw9ya,2019-06-22,
7skGrIrRzO0APhASzAKfNi,2021-07-14,
4iLqG9SeJSnt0cSPICSjxv,2017-04-20,
7DF8lvLdV3htIbuTWpc7lR,2021-12-10,
7bmk1GEufZOrycr3HXZGN2,2021-06-29,
6Vx29sLFwzT8yvRhzP2Fge,2021-12-22,
4KLmT1bU7eyEBe35FzEjbd,2021-07-12,
5T6j0rfpCDBzAxC8Fpd0N7,2021-10-21,
10IfXtjKQmOiON7tNAHv0y,2021-11-07,
6aeU5IH8DB1qHK5jRFTNUv,2021-01-23,
6iXGivPFpsqKmrINhIbPvx,2019-12-13,
2e0b6AaC1Abz5mFyCS3fXY,2021-01-15,
5Bti0azlFhMattVY76qFr9,2016-12-24,
6MCJdudhQY41K3IhluuNuq,2020-10-15,
7aonAWn0J0AJ47ZU9WHCXC,2021-08-13,
1r9xUipOqoNwggBpENDsvJ,2021-10-28,
6bXmKNVe9YIjoyDbz04nWg,2021-11-30,
2axlAOp86SPuqSBlwLw4WM,2021-12-22,
7oBUoEbCDF748UkHnLusUB,2020-08-08,
7JWa8tcjothiOfTVUUbuzL,2021-12-27,
0SmQ0UWeiHKQtxUej4Rem6,2020-12-15,
4vGEfBrpiM4zfYzSyPpysX,2021-09-25,
0pQ67Kp2kED4ISy1ieGPEq,2017-12-08,
3LlEZ4J1ORcgP1WmTF9pIX,2021-12-23,
73mVGNhTlRQBod01zh3M0s,2021-11-19,
6bGMSP3H9YqkmaLnaJTIoF,2021-11-19,
2o4dDfLK6NVI7TjBm5VoMv,2016-03-07,
3mmLyEhphJAaW7hyEXAD8l,2017-09-27,
75NgcOsgURBLTPpRzAsxp0,2020-11-13,
7KlTFTpy7dXLzr2NtLkvG6,2017-02-13,
7jLSThU5Kg1RWt19Leiaxm,2023-03-02,
0oSNOJEcBIKNcQzRc5TfyR,2016-10-10,
5Msoarj5hk9LguTtiIyqug,2022-02-11,
3IA9LkBEVhJDOxOnh1nf8a,2021-12-03,
5SE57ljOIUJ1ybL9U6CuBH,2017-09-18,
5H7UgZQk2p5x4nmeuDjmE4,2022-02-17,
3r9FFjLrAIQjoR8pSHVPC9,2020-02-21,
54UNNgtE3zzERwTuWSQLqd,2021-08-01,
0X5tCYwiVldeDynbhBshTl,2022-01-19,
2Nib4r0saYQf2pUV4RFDhl,2020-02-21,
2tg8L2ls1k19B2SvRKBnJh,2022-03-02,
0bTmdKwQ8xb0Xbvizt2GMy,2022-02-11,
0wZq5TnD0ooJ3q4GVDTLjd,2022-01-24,
0dcnrLo8s1rhjm8euGjI4n,2022-02-15,
4I2ne5vm5LJmrXAfqgjAG4,2021-06-30,
0IGUXY4JbK18bu9oD4mPIm,2022-03-14,
7xNCacksfUkYXsXuSW4vNF,2022-02-23,
3CeKc83EsgRPItgvlDHo5B,2021-09-17,
18uwL0vNUanqZH0ro2QcOP,2018-09-28,
7rXcCpIAoOUCydkVDMcoPV,2022-02-14,
40Ct4hvauHT2EDpik4eVuz,2017-01-16,
4Ut6UU8Yyihz1jCZWSCQpu,2013-06-12,
7k3ohP9ZiGfhL6yD8oIPfk,2021-12-05,
37GNTP4wB0QSkUwcTWLHKg,2021-12-28,
5b1PngLlxc7hj3fJXrE2Zm,2022-03-28,
0Sx4EKzhdNxFzquGRANPD3,2021-11-21,
5Ss7wCp22FOAbfeg75KllJ,2022-02-14,
7rjtRM1AgmmraeTTX8tofW,2022-04-28,
1IthE5GNiRzFN5CVaCa445,2022-06-10,
6Hs2xIgB8nzyGFDvVA8lFa,2022-04-22,
04Mm3BineGdy0oNv8NivQT,2022-03-14,
1MiJk3dXC5jzhvLFP0dUM7,2021-07-14,
2QyOYFAxW2khNYee4yeT6r,2022-06-18,
5ACySwUCY89mWH3u38WD9m,2022-04-03,
4AgFXIVT7hVhBZ5DEOaLu3,2021-12-05,
7M30L99pePlQ3wh8IxVUsD,2022-04-24,
45Mswno1F7FoZkcmQkp7fi,2021-06-18,
4IaxDf2FixiQXq0mW7key9,2022-04-13,
7kgzRBNkBRArtTPkYjWLYT,2023-03-03,
0FOBJ5PbwOe5XBY9y0bnhi,2022-05-13,
5Fx8zxEEaPMkwzM00JFr3N,2022-05-20,
3NPWH2UbMjch2vnS7qMFGM,2021-05-27,
0x4cMbCLC6L7aJQs3EiPaZ,2014-08-20,
1J12HjUuXfJnaUdubTEzSR,2021-07-09,
41aMYNen9G7uUbqLfV65cF,2021-06-21,
7hzVxbVA6Y5t9YDzpSgdRS,2022-01-26,
2oEi9mqbQFJSuS2Wny7bfp,2015-08-01,
3DyHgXBOxAsKyy0diFTSOS,2021-09-20,
2c0QMztYu6PCfFrGLqHXIV,2021-04-22,
73fFRs03s0gtjggfMW213L,2022-06-18,
0xzI1KAr0Yd9tv8jlIk3sn,2022-08-05,
5iZHnufFUgATzrpGgH1K0W,2021-09-10,
2isSdmQfVv32j2haL6hk9x,2019-04-12,
1Wwh6gmMeolwzbRzfZMY5b,2022-09-15,
5mG5cQE6SEYxnGCX3I09IC,2022-06-13,
3CqtQwaoQTdgDWLHyv7Twr,2022-08-08,
04bm7NsIhRfTlLGDoKMEw8,2022-05-12,
5KYv3kORBKUmVEoqbRRWxt,2022-08-30,
3DLtPObflLQBodZN8qGODT,2022-05-10,
3pgwxYRPbYIC6C1J2FPge8,2022-09-13,
05X3a0YGmS1rbH50aL8lGF,2022-06-23,
6hLEsk1t37XKNwtTQ3iI1b,2022-06-30,
5BTzf3doGTigDIYUFtbkI9,2020-12-29,
5i17rzCuZfYVzoP441PXGu,2022-06-30,
3j9BMKKE8DpDSBXVI0IdfA,2022-09-09,
39TAKt2hL8sdhVTFCNfm2Y,2019-07-22,
7lZ07tAiDnmUE7cKw0jfSZ,2019-08-29,
2pm7K14nHj2fLrpU8j9bit,2019-12-21,
4inMQ83GNpQ2OHDredH5hW,2020-10-28,
5p8ThxM2OhJ0igfxkz0Z1q,2022-12-02,
5J90ah0ppUSev1uahqQiN6,2019-07-15,
3wUp8eCTshIrJcYbjWaoyP,2022-07-24,
08MFgEQeVLF37EyZ7jcwLc,2021-12-06,
5jQI2r1RdgtuT8S3iG8zFC,2022-10-21,
5AmBIWCnsLscPSYsfCApBy,2022-12-02,
0L8LOav65XwLjCLS11gNPD,2022-09-16,
2pYFHEy0xp48Le5Bfw5vcX,2022-09-25,
0ibp5h8QATkvC6P5cO5TUV,2022-05-20,
1xwAWUI6Dj0WGC3KiUPN0O,2022-10-21,
7MObIQOs5ESkbcihA9dcsz,2022-10-13,
28ncfVOBRp3HGweSZ6Wb8C,2015-09-11,
6TBJkXHPhu3EsMk1bshwuI,2021-09-09,
0HH3DAz5feqJmDA50yQ52M,2022-10-19,
3hxfMsWQOcS2o68G62SpuU,2022-08-03,
67Cxa088HT5J5OJ0SWB6Ip,2016-09-15,
2klsSb2iTfgDh95Ak9uWY2,2021-06-30,
7h2zqUH4bYyknNUxsYnS5V,2022-05-20,
3a2Oftcs10wtzw6AmxuTMU,2023-01-02,
5hkAuvgkOrd4KpDOlCNsvW,2022-08-18,
27fqy8VruqYZlKiK1qfwEd,2023-02-10,
5wxYxygyHpbgv0EXZuqb9V,2023-03-03,
1dUmmBh2nw8XzEI3au0uFs,2022-11-17,
5ECHJ1llWBNYLVCYrllD3x,2022-06-30,
7bFFUPBiF15n8m8RziqS4o,2022-11-22,
7kpNUrBDYDoX6QKGzrBD1R,2023-03-02,
1izPmgSW7FV6XFdEOiTvOY,2021-06-28,
2X2mIfNW5ZtLmVgpm9rgUX,2023-03-02,
38rjRVqEHSlDRrDWDvjkqW,2022-09-09,
7HpIBZAsjJq5nW9S8ti7Fi,2022-11-01,
6A1IbMKwjvXibcrU1sdqKH,2022-08-18,
0V0dOlfZ3tuZwHnL2eZ9Al,2017-01-16,
3xlhYIhZ7heAvohmw3uyfd,2023-03-02,
37vIqMH3XV6ZbObcKE9GXC,2022-12-30,
4z623zW86trE9SxAtIf0Gm,2017-07-13,
0hiQvlWSSTr7n1kc1X2Lus,2020-06-12,
1dS4l6xmdgEhCZTAhdOm4N,2018-08-24,
4EaQ0ouIydfeAgQUz284EF,2023-04-07,
69CrOS7vEHIrhC2ILyEi0s,2023-03-31,
4bjN59DRXFRxBE1g5ne6B1,2023-04-21,
34o6gteNy2T5rieA0xYAgo,2023-05-04,
6HGOxrNik4iPurqStawTFQ,2023-05-05,
2LhXE2daNpLVv9LYXvYm8F,2023-03-10,
65aTHDZWUdh6WIafu9MtNF,2022-12-15,
7gv3UYPh05ZDP7Io5BIsn7,2023-04-21,
70hEVaGwwat644nPWkhKNW,2023-02-13,
28bxbqNcAuNxYDZYet6eZ7,2023-03-02,
78lw4wahFNotXb0mOEtPkM,2023-06-09,
27Z9T0mSWHYWSj9SNOGvyt,2022-07-11,
2g68ePl7VMltuOiuSTAz7I,2023-07-21,
0DtarPcErIh4skfFtxzomo,2023-04-07,
7IezwtVIJIPC36LpKMR9d7,2023-01-27,
7gRFDGEzF9UkBV233yv2dc,2022-09-15,
6IPNp9PfaEqrzotY47TIWy,2021-10-22,
6AQbmUe0Qwf5PZnt4HmTXv,2023-02-03,
4TMdpMJNQdcawl8JjZEwLk,2022-10-28,
6HpkHTTwfVmSoopeloHqOp,2023-08-09,
5IAESfJjmOYu7cHyX557kz,2023-06-09,
6IUEwlNgVnT5CYeBuq6DTH,2023-07-16,
7AD5F85waSb3yZxZxEXhJM,2018-01-01,
2QUU1AtY5fndKDNbr17EFk,2023-08-16,
0gzpqwLf1jhNjnSJEyweAX,2023-06-10,
486dVHo58R4EhBQjcYF2NX,2023-09-03,
3ukrFH17Zl6iEZ2QJ1Zwiy,2022-11-20,
0Qs29ApstkrU5T8S5Hxazw,2023-08-03,
0x5BqH8iC2Y2lTMxAkNAna,2023-08-20,
56v8WEnGzLByGsDAXDiv4d,2023-07-21,
1mFpMoeZfkIqtqW2AfQ8ba,2023-08-25,
74ewFAgDzRkhZ7EX2eLtfZ,2019-08-10,
62SFLTN7txImu8pQwBMP6A,2023-02-14,
1UHkDovEFqHzHCPyNe0BTy,2019-01-30,
1CbdvkjFxRkMNu3M2Cq1Hc,2023-09-20,
0BOFCIDygXWLtAD08nJDFV,2020-12-18,
5cvW3PYJeQjRTnj9vHP5Va,2022-03-22,
4kjA6oaloTf6ndyntyhZx8,2023-07-09,
3J3nv18iIrOhca1ZWNeuyW,2022-07-11,
7eDrdQ7PK9Xm1CZCKWsgmH,2022-09-09,
4exlWP8cokkWVCvyP3kg7c,2023-08-16,
0fGJiHH6xSUJU1MAVjxq5m,2024-07-11,
6gcuJpHu0Ey30D5WR76y98,2023-10-06,
3CyGK8BeJ5iCunpzvHyINs,2023-10-05,
3ZbZtdEw9U0uZW4tZItIwq,2023-11-22,
2doGmsaPLdot51o80juiYU,2023-10-10,
6KgZf5gZgF1KLNxq1qZgHP,2023-10-05,
0SLhB9JLM4Ksz1XdwK3aQD,2023-10-10,
5KfJvZ0PZzRdwFRaTUDAA7,2023-11-03,
0Vz146N2GxkVJw4kSGXrNi,2023-10-06,
1ZgiJ8fiSEwd07OpB9ZuRz,2023-09-27,
3XCp5o1FUpAH0aj2Hmj5yz,2023-12-17,
6VXVYATpQXEIoZ97NnWCmn,2022-08-04,
0vkExWiBJSrfWnlMC7x48b,2022-01-22,
2UtFCtiSoc30GJ4MUcHDKr,2023-10-10,
3bNNvJA7hsGw0wSpGkfOBm,2023-11-03,
7fNHfgOxPLcg4mQLhCnOHB,2021-06-21,
2OBZtEg8DXhICWYd6yvicf,2023-08-27,
0KnWLhf5GqPEC4m7sHhxrY,2023-10-24,
6jcLKVmEKAQIXIVHJZ8vzS,2021-08-01,
6TOI8hhlfebwsTYRCVpRMn,2023-10-10,
0tfMfqHC3Pl6DG8kcIjXq9,2023-11-02,
6MgCMS8q3NA89TnVuPLvIN,2023-08-09,
0X28PqBpbQhWdi4usYw0w5,2023-12-17,
1khMN4Adfi3LrZvxOq4YM5,2023-12-25,
4qYfRfSxsmhJ1WMaywtLyI,2023-12-17,
43qX7PiMfluhGyrJrjcP9p,2017-01-06,
36OyVzUmUFb1MTTzy3YXbh,2024-02-14,
4PCh6DAkUYKnEmvjV4ouOs,2024-03-08,
3OVMe3H6iAxbLF8iD2UYrw,2024-03-08,
0OIed6UFpfT2nW4BffD7Js,2024-02-28,
0dBKcPEAsdxWJsqNDNHcPz,2024-01-05,
2ddbldKhKrYvOBbYa87cbj,2024-03-14,
1K0HQ30Wc11okzlcnFA7Ub,2023-10-16,
4jWmhzf53Q0ZvZMuGdiR9x,2023-10-07,
5J3m0taZ0W1E9HTE0MwcSv,2023-10-18,
3UX7FjJDl6RodnWekzFwEB,2023-10-16,
21x7Ld7I7X7HQtDgS8al5Z,2023-12-17,
7Ebm9NxzNhUX2FxzBl1kwm,2024-02-23,
5f4u0kPnU21qNe6fXgAUiV,2024-02-13,
2rGCYAabfA63PIzhQm7hVq,2021-02-14,
7ESH2ntyD5Bb1XckoJU554,2017-04-01,
6eOD2p1cGmxLiYA0UR03O1,2023-01-01,
02H58MSfVESkKyx4diDgu7,2024-05-24,
4fj4Jn4nw8fGX8xdbCntJf,2023-07-28,
1LJyhnPdYGRLerwJd8CmL1,2024-09-27,
2xOhv7XudrBDtkID1jwsFE,2024-03-01,
11sirgYaEutV40tkvgpHN6,2024-03-29,
4oGgxjxVOI69h9uOpHOzwn,2024-06-13,
5WIKVELHZYJ4vl3x3xlbZD,2024-02-05,
4tqXSj46umlymdIxqY8zso,2024-06-25,
1SS0WlKhJewviwEDZ6dWj0,2024-04-26,
3K7RddI2L8Wiv7uIbrhfLc,2023-11-12,
25h0TqC9H3BcMA7KjK5nHK,2022-06-20,
5C1O3fpMsiisJpHiB1uuDf,2023-12-15,
3A9A7mfVDVm3rrS9SMGhg5,2023-12-14,
2wZAvkgiOE5tyrnqhB69KA,2017-04-01,
6kCU6i8iRrAAmJJ8Sj4JYC,2023-10-21,
2SykQzXuFSeprST1uDjj1m,2020-06-20,
0MJ5wKsPEeihONNfugHGy7,2023-06-20,
6xKs4CnVadRzdNZ48vhT27,2024-06-20,
0UaaFmF3xUwMjnuAHBq7qL,2024-03-24,
6o5y1iNvg3ORGfHtBEB8U4,2024-05-24,
0tGmDUHDoT8pxYhgAT3yNG,2023-12-17,
5AaHvf9iO6RydAIissh0kz,2022-11-29,
45PPoUgqs3JrhkZGEzSUHT,2022-07-31,
2nRMW95dnOILirpjbksLTs,2024-06-07,
6vvPecFTmWxDfEJ6cYT1wa,2024-06-27,
2ZqTbIID9vFPTXaGyzbb4q,2024-09-06,
5XfGQZA0ioQAWUjlyJRcHc,2024-06-27,
0BX2eDMZJrGzApf4ZGXrFi,2024-08-29,
31VNCmwspR7nVJ6kruUuJt,2024-06-08,
5oFEvbM7lGnx8jfAkuhVyo,2024-08-02,
3Alwi53Ahc2GwHgvel42b2,2024-06-13,
26zqmmkqUK6mCc87XDzPym,2024-08-26,
5PGh9MyKry8slG5AfvD1eD,2023-10-10,
07d8eaOuAWdC0DANq3tdPd,2024-08-31,
4CUvVaAYuXtvYURLFz7EIL,2021-12-01,
3COYA2vgfcUhDyRlVpZy5p,2024-09-18,
4WZf4gJ2MvBec6XPdUiqcq,2024-08-31,
7Cjsw965r7mVK888ZqP6Wo,2024-09-04,
7pqx5vF7DzkVtEdsXQ9iua,2024-08-06,
7kKu4NWeBh01I6aTIEP9bg,2024-08-31,
62bOmKYxYg7dhrC6gH9vFn,2000-03-21,
0H4ugk6rhnXmTl47ayy9O5,2020-05-22,
3nw5vYaH4qVx8joq3qhtNx,2020-11-09,
2nR51wakN5K3AJENqGaNg9,2019-01-01,
5cn5oHiXJTLiuthgbgfkMh,2014-01-01,
0SLzsfxED15vyUccX4bCqo,2024-09-18,
50zAEIE4B1QqhPjRMK2Xmh,2024-11-19,
4nXrVH5xwN1w6TpmP7uu8n,2023-10-16,
2GE2p2dFpxp7OIz2QOFBzW,2024-08-26,
3uT8QfoX0BE8ZJa4h98LDW,2023-05-17,
7134tEHq45eL6am9oVazZU,2024-12-06,
0e6fZkLArSmDIHnZcIua7t,2024-09-27,
0s7RyyUlQfd8mnnboHe18n,2020-09-25,
7gSQxwCpEMjg8wb6Y3oqe7,2024-08-06,
3Nn9QjxOEj1pleW9xTG6cq,2024-09-18,
4eeflgjzTF8xN8U2E0dech,2024-10-02,
0669gFIK8dYK9GGQ0K0QNF,2024-11-23,
2a5hng9yXtbjtTVVm9UviC,2016-01-01,
4hdOYl6xm8ry6hZzn9pBqw,2024-11-18,
5YiNxgEQQTuFi5dKLxxjWm,2024-08-06,
50aQbgfdydBXABx2gATQHn,2024-12-06,
3y4q6bBdbXsTIaPiwiiUfy,2024-12-06,
67siqMtQTGPpJZI4Dz8OpM,2024-12-06,
52oyR8Wjhdzg7zucr8keYl,2021-03-01,
4QkTMKgtkI6P9v9NRzSswS,2024-12-09,
5LQpQ6SDeaz6SIkR0lvsoC,2023-04-24,
1pwyiEOvhXLvlpzTZcgfhe,2024-08-31,
0JBBsuv6YHi37NqzCNfr0d,2025-03-21,
0oL2jCTf9P9a7flY5mCpYu,2024-11-12,
2Pwou3Q2Cf59RxdX2V6MgV,2024-06-27,
6cc5PzJUddXskJGHJINw9F,2024-06-25,
0oSc7X1uRQGuEqNRtXEeQL,2025-02-06,
226ljdOTLM2clGpm4mZvAm,2023-06-27,
7fCeYpR02Q8JVuD88hJZVT,2024-10-05,
72NMPuJCRsOUoXQJdzVfdo,2024-12-05,
7mblTCdc14ylJ1JW71MODb,2024-12-12,
2oVLEoBVDvYrGmzrU7dEm5,2024-08-31,
41DlPJXKTCypXdf2eSqa03,2024-09-27,
5JoQSuMrHdu7BcgIY9hDcX,2025-01-26,
6a1uj8onBHUi6TKSREPxHY,2025-02-14,
265hQASPY3HFmUH38zZrSK,2024-11-06,
5ca1aUHYwTDNO5E6unithq,2025-01-21,
7KNmIjcmGJIBrhP2s5Vioe,2025-02-28,
79bSb2Ilugozn6VygdplEZ,2017-08-07,
4HxGH28DitgAuuKpEVrLzN,2024-12-06,
44sYmL97Lv8mEbzgANFkPD,2024-10-09,
1XZE0InCx3SdCnLpVsPpZl,2025-01-23,
354swDEk1Zdo9y57fEqmRg,2025-03-08,
5WkuMbkHX7yR7nnBKCn7tV,2025-04-11,
4gaxEUZE4z9pJAVTSFwgQI,2023-03-03,
3ET3xHCLMGd57u06A9RjJ0,2022-12-12,
4OXAneZHFJyQV1RuzCzmH3,2023-12-25,
2uZmeuNAxSm7XfVIwLkhCx,2023-12-12,
1o6cYDMHvKOfizi4d9Lqxr,2023-07-31,
3P3rcI48wwVEgxF5vPM6pG,2017-04-01,
0OB5hTu7ELKeVoD6JVRo6m,2025-06-07,
43zzuEWDotRcKlSFzrlJqs,2023-02-24,
37uug3gaq86yvFTjV6WkaV,2024-11-11,
7q1qYSyRkGT4ZaCc2ZQihP,2021-04-26,
3cZH38witMhkLvATILgEe5,2025-06-09,
4UAnQaQTSMjKjHkqjKwEYx,2025-07-18,
2qrpmvkxE0oz78ym1LEvXd,2025-08-14,
08Hvl1OJalM7dG6mf6jpx6,2025-10-21,
7k9aYmnQ1nrp3RMTxNtUQV,2025-06-30,
34FhBswjcDbFzGx8zcPqoj,2025-06-30,
3qKeW2XJFZU5CvOQKStQW6,2025-08-18,
1ApIGNgp1azc0qB61x4GzG,2025-08-25,
1uiqiUzPn2EJpvHDy84PEZ,2025-06-23,
11OxuU5y7ebAJyKaY8dOl0,2022-05-20,
7C0kNQRFtNhs7Ibx1Q4sLy,2025-06-23,
1WbTOu4D2oHK9fg2qR6msd,2025-07-12,
5rSAUmbOg4giDrM29vUyHe,2017-04-01,
3y66li7DIrH7HLKIZzxR5H,2025-03-09,
0SNgVYcHY0UPil9YGmwU5k,2025-08-11,
7bn8ckDTI4EQIKZ6jRL4K0,2017-04-01,
0QIBqBajZLLcWfL6mpVsN3,2023-03-25,
7tFwBnuaGXqiiONukPRaCo,2022-06-24,
2kt7udEZmN2kj1Jsl118zY,2023-03-16,
51bYFYWODfYOZU0rwvjiCc,2021-04-01,
3T7XHOdRcyhKU3QCB6kZG3,2025-10-22,
2daxUR0gVJr2dOmOtYvW8R,2025-07-05,
1DVYafsLmcQySKkJnY4RCs,2025-02-21,
6gmvd9Lld9MiNR9r6I9eFE,2025-10-10,
29Tj2R8sZZ3fzlXZVe1OyY,2024-11-23,
7dlgEjrK3lHbP786dshKDV,2025-12-08,
5zXCoF69UxPNLrpar8Rk7e,2025-07-27,
4BdB08vuS9r4HOoY7GkAxT,2019-07-22,
3rIQPhzwnHiF3PzfFVnXp5,2025-10-24,
3yWuTOYDztXjZxdE2cIRUa,2025-10-03,
1fFvYVg1v3rpUSqKNCUh7b,2023-12-04,
2ix8KB1Xm7rRGzkh3i8P1d,2025-09-29,
7uulTURh3qtUEUnMNtgcA6,2025-07-08,
6KIhgRkprgyJNERRMu7Quh,2020-06-30,
5U30iZBlmxkpHqzb1OSnBS,2017-01-01,
5wYQC7AuxV8ROALWcbVNxc,2025-07-09,
527UV7H9SbnmTVkxBVg56X,2017-04-01,
6Qwl74olNi1rl65FNxG5We,2024-05-18,
6GM4ZOBDcDroldUxI8GZ2B,2025-12-20,
0t8g66pWghsU8MphjUQIdg,2026-02-14,
5DB1UwivnS4gmcZ27TiYnE,2025-10-31,
6GUKRhIsWxA7VuZW8MKQLG,2025-09-20,
66LE366537RxmOur0DcGFH,2026-01-05,
4D1eaEIisnWCVPMnYuMh7q,2024-04-15,
43BJVWcBzHRIDaQCg7abnX,2026-02-26,
6s3w7SUVtmm68Bw5KrKMh0,2026-03-20,
66v7AvDs5gZfmkJgFMMtHL,2026-02-28,
3VkV6L37ub0rtuYQoawAqz,2021-07-11,
5tmA5oQDF0ULqRI12LKCDw,2025-09-25,
3W77mLoXjQEkNjxvYRifjG,2025-05-15,
4SqE2XLtd1AfppGm2xlkf4,2017-04-01,
15yC0BCinDyknKpjk0VLku,2021-01-26,
2HEd2fkMbbIclpv8pYvWW0,2026-02-26,
0NyrI1tMvqcK3vU5z9DMdI,2012-01-21,
0a32EBPjqAe47cYDPE5Ia5,2026-05-24,
6BnPsHZv1jPbPAsQsm0s5b,2026-06-17,
2KslE17cAJNHTsI2MI0jb2,2023-11-03,
11T61UpoNbbcewOMl1kcWN,2026-03-17,
0GXZXSDFSbJjqdGifjSaig,2026-04-09,
6mKMGpkgP2cH5gmqILWe7b,2023-06-29,
1UhQ0VwKq2PGnLiAZOJYV1,2025-10-25,
0hB27T4dy9qBUcZabsrLOj,2026-04-22,
0pavLg3wbL6PVXAgXoWv4S,2024-12-11,
4nyoalDFgUaZOzIKqj3aS5,2025-07-30,
22GCbN9OyrCa1tC1jZnX8O,2026-02-13,
6IxPiUQI4Cd0mL0pBIOjAg,2026-04-22,
71luUs5K7N1fdf7ecMKg04,2026-05-23,
6ag0c7tBr3PIqPb00C2rK4,2026-02-16,
4wD6v7xAl1Hhfl2rli4q0n,2026-04-22,
1r9gNSD1WUFscqTSA2Rcet,2025-12-18,
1VyXprVXZYNGWWZf1u4JfN,2026-05-04,
0KA8tBqZ81mBe2po59GK5j,2026-02-05,
5YPU2SdqR2pOsfFs5AW25q,2024-07-20,
2w7jOvl0kpplNxisgfnCdT,2022-08-19,
5UUNrCgGtC6JOrATM3y3ZT,2026-04-22,
4TmcmTzr88j02kCDh19VNt,2026-08-08,
7aBUKC55ymgBw7M5gdppte,2026-08-08,
1IWEzoYndBj6ntPQ1nYiFP,2026-09-05,
73RcFjiDtStfP3GCW44vJu,2026-03-14,
6CTdPSNvUYw7UjerVIkUia,2026-06-17,
4VjLWbQhf8KUPMeuBO5H55,2026-07-25,
0CY9y1F7RcRSV3raHljdxu,2026-07-25,
4HjBeRYorM50d1rCrl853a,2026-07-11,
6Zoi4ue74UdUeYmHXItXnf,2025-07-08,
0eAuGrXyGFYwur9ARUe7LJ,2024-04-05,
5jCSifehmtV2KDWLoXgA8F,2026-07-04,
50xuQI5QlXggFKpq66IBON,2026-07-09,
5tdz7T4hTxA1ipJMBe24uX,2020-06-20,
3bmqUlen7AJeTh3EKCEPHe,2026-07-11,
20jbSiX29FDX4oQxBXyUEi,2026-05-29,
6Q2oEdOhRjZ1DTv2a7j0lN,2018-03-17,
7Ldcvhcl4Xj4eOTSWpZus5,2026-05-04,
6LakfNLAPklxBWkexiRfD0,2024-01-31,
3H6nzsPNMttEvUl3ai3xN8,2021-05-05,
6E3P4uOfKHYXJLK6Q3s0Tj,2016-11-03,
65st6HfPZyxq1RNTvqSIos,2026-01-05,
