spotify_track_id,title,artist,lyrics_status,collection_status,source,genius_url,language,release_date,album,sampling_provenance
0rNLaGUleZ91DXMxmZNq5v,Fireworks (I'm The One),ATEEZ,failed,failed,,,,2021-03-01,,"[{""market"": ""KR"", ""year"": 2021, ""quarter"": ""2021-Q1"", ""rank_stratum"": ""51+""}]"
6hHrPwQYGp9kPL7xLZviBS,Universe (Let's Play Ball),NCT U,failed,failed,,,,2021-12-10,,"[{""market"": ""KR"", ""year"": 2021, ""quarter"": ""2021-Q4"", ""rank_stratum"": ""11-20""}]"
4t3Vgfjl9Sb6ZR5q5kGOUL,Without You (Feat. ASH ISLAND) (Prod. GRAY),BE'O,not_found,success,,,,2021-12-04,,"[{""market"": ""KR"", ""year"": 2021, ""quarter"": ""2021-Q4"", ""rank_stratum"": ""11-20""}]"
6LXNnUjcOBVyov7bH0NNnM,A Long Day (Feat. Zion.T) (Prod. Fisherman),Basick,not_found,success,,,,2021-12-04,,"[{""market"": ""KR"", ""year"": 2021, ""quarter"": ""2021-Q4"", ""rank_stratum"": ""51+""}]"
2mgzUVvDpb1zMSB4glLQ6T,Life's Too Short - English Version,aespa,not_found,success,,,,2022-06-24,,"[{""market"": ""KR"", ""year"": 2022, ""quarter"": ""2022-Q3"", ""rank_stratum"": ""11-20""}]"
3XfngyuVjltVRHSsLjrCRO,MY WAY (Prod. R.Tee),저스디스 (JUSTHIS),not_found,success,,,,2022-12-03,,"[{""market"": ""KR"", ""year"": 2023, ""quarter"": ""2023-Q1"", ""rank_stratum"": ""11-20""}]"
4F0ft3ZDmIN7xz4HxYW7y0,keep our love alive,Akame,not_found,success,,,,2023-04-10,,"[{""market"": ""KR"", ""year"": 2023, ""quarter"": ""2023-Q2"", ""rank_stratum"": ""21-50""}]"
6WY4wvlmgccWapnIg14Vy0,Merry Christmas Mr. Lawrence,Ryuichi Sakamoto,not_found,success,,https://genius.com/Ryuichi-sakamoto-merry-christmas-mr-lawrence-lyrics,,1996-01-01,,"[{""market"": ""KR"", ""year"": 2023, ""quarter"": ""2023-Q2"", ""rank_stratum"": ""51+""}]"
1Px44tw80Q4rcCl8FxDGOi,Who (Instrumental),Jimin,not_found,success,,,,2024-07-23,,"[{""market"": ""KR"", ""year"": 2025, ""quarter"": ""2025-Q1"", ""rank_stratum"": ""11-20""}]"
6cwSbxCqAwBNbCqaLMZgbT,LOSER - KR Ver.,BIGBANG,failed,failed,,,,2016-02-03,,"[{""market"": ""KR"", ""year"": 2025, ""quarter"": ""2025-Q1"", ""rank_stratum"": ""51+""}]"
5u77QBJa2fUREcFTM7PwME,MDLZ (With. PENOMECO),Marv,not_found,success,,,,2026-03-20,,"[{""market"": ""KR"", ""year"": 2026, ""quarter"": ""2026-Q1"", ""rank_stratum"": ""21-50""}]"
6w9SgpKIzB54R2xHml1UPP,Love Language,Kim Min Seok (MeloMance),not_found,success,,,,2026-01-16,,"[{""market"": ""KR"", ""year"": 2026, ""quarter"": ""2026-Q1"", ""rank_stratum"": ""21-50""}]"
63JNA2B4qHmoedZCthpo0e,"ON to the next (Prod. by Crush, ZICO)",HAON,not_found,success,,,,2026-03-27,,"[{""market"": ""KR"", ""year"": 2026, ""quarter"": ""2026-Q2"", ""rank_stratum"": ""21-50""}]"
2CO0qu8M2UrT2IxRdYbGOg,"R.I.L + King′s gambit (Feat. ZICO, Gaeko, Sik-K, VINXEN) (Prod. by ZICO, Crush)",HAON,not_found,success,,,,2026-04-03,,"[{""market"": ""KR"", ""year"": 2026, ""quarter"": ""2026-Q2"", ""rank_stratum"": ""21-50""}]"
0IdkFyYIDMhJqz0NL5zCk9,PAINTING PICTURES,mxmy,not_found,success,,,,2023-03-08,,"[{""market"": ""US"", ""year"": 2023, ""quarter"": ""2023-Q1"", ""rank_stratum"": ""51+""}]"
3QIoEi8Enr9uHffwInGIsC,Please Come Home for Christmas - Eagles 2013 Remaster,Eagles,not_found,success,,,,1978-11-27,,"[{""market"": ""US"", ""year"": 2024, ""quarter"": ""2024-Q4"", ""rank_stratum"": ""21-50""}, {""market"": ""US"", ""year"": 2025, ""quarter"": ""2025-Q4"", ""rank_stratum"": ""11-20""}]"
4Yg2w0P29BBBMixyeNjDtj,Do They Know It's Christmas? - 1984 Version,Band Aid,failed,failed,,,,1984-11-25,,"[{""market"": ""US"", ""year"": 2025, ""quarter"": ""2025-Q4"", ""rank_stratum"": ""21-50""}]"
53qkszfgztIvkFyF31GfdQ,Dreams - 2001 Remaster,Fleetwood Mac,not_found,success,,,,1977-01-01,,"[{""market"": ""US"", ""year"": 2026, ""quarter"": ""2026-Q2"", ""rank_stratum"": ""11-20""}, {""market"": ""US"", ""year"": 2026, ""quarter"": ""2026-Q3"", ""rank_stratum"": ""11-20""}]"
4yAJOZ8ZBAKfXCI20hsVjf,Lời Đường Mật,Unknown Artist,not_found,success,,,,2021-03-01,,"[{""market"": ""VN"", ""year"": 2021, ""quarter"": ""2021-Q1"", ""rank_stratum"": ""21-50""}, {""market"": ""VN"", ""year"": 2021, ""quarter"": ""2021-Q2"", ""rank_stratum"": ""51+""}]"
6MCJdudhQY41K3IhluuNuq,Một Chiều Mưa Bất Ngờ,K-ICM,failed,failed,,,,2020-10-15,,"[{""market"": ""VN"", ""year"": 2021, ""quarter"": ""2021-Q4"", ""rank_stratum"": ""11-20""}]"
2e0b6AaC1Abz5mFyCS3fXY,Tình Là Gì Đây Em Ơi,K-ICM,not_found,success,,,,2021-01-15,,"[{""market"": ""VN"", ""year"": 2021, ""quarter"": ""2021-Q4"", ""rank_stratum"": ""21-50""}]"
2axlAOp86SPuqSBlwLw4WM,101520,RAP VIỆT,not_found,success,,,,2021-12-22,,"[{""market"": ""VN"", ""year"": 2021, ""quarter"": ""2021-Q4"", ""rank_stratum"": ""21-50""}]"
73mVGNhTlRQBod01zh3M0s,"Tell Ur Mom II - Gii, Hiderway Remix",Winno,not_found,success,,,,2021-11-19,,"[{""market"": ""VN"", ""year"": 2021, ""quarter"": ""2021-Q4"", ""rank_stratum"": ""51+""}]"
75NgcOsgURBLTPpRzAsxp0,Tháng 4 Là Lời Nói Dối Của Em - Live Version,Hà Anh Tuấn,not_found,success,,,,2020-11-13,,"[{""market"": ""VN"", ""year"": 2021, ""quarter"": ""2021-Q4"", ""rank_stratum"": ""51+""}]"
0X5tCYwiVldeDynbhBshTl,Hẹn Kiếp Tương Phùng,K-ICM,not_found,success,,,,2022-01-19,,"[{""market"": ""VN"", ""year"": 2022, ""quarter"": ""2022-Q1"", ""rank_stratum"": ""11-20""}]"
0bTmdKwQ8xb0Xbvizt2GMy,Một Khi Đã Yêu,K-ICM,not_found,success,,,,2022-02-11,,"[{""market"": ""VN"", ""year"": 2022, ""quarter"": ""2022-Q1"", ""rank_stratum"": ""11-20""}]"
0wZq5TnD0ooJ3q4GVDTLjd,Xuân Hy Vọng,K-ICM,not_found,success,,,,2022-01-24,,"[{""market"": ""VN"", ""year"": 2022, ""quarter"": ""2022-Q1"", ""rank_stratum"": ""11-20""}]"
40Ct4hvauHT2EDpik4eVuz,Xuân Xuân Ơi Xuân Đã Về,Bích Phương,not_found,success,,,,2017-01-16,,"[{""market"": ""VN"", ""year"": 2022, ""quarter"": ""2022-Q1"", ""rank_stratum"": ""51+""}]"
7M30L99pePlQ3wh8IxVUsD,With You - Instrumental,Jimin,not_found,success,,,,2022-04-24,,"[{""market"": ""VN"", ""year"": 2022, ""quarter"": ""2022-Q2"", ""rank_stratum"": ""21-50""}]"
3DyHgXBOxAsKyy0diFTSOS,Not About Love,Khoi Vu,not_found,success,,,,2021-09-20,,"[{""market"": ""VN"", ""year"": 2022, ""quarter"": ""2022-Q2"", ""rank_stratum"": ""51+""}]"
28ncfVOBRp3HGweSZ6Wb8C,Đưa Nhau Đi Trốn - Chill Version,Đen,not_found,success,,,,2015-09-11,,"[{""market"": ""VN"", ""year"": 2022, ""quarter"": ""2022-Q4"", ""rank_stratum"": ""51+""}]"
3a2Oftcs10wtzw6AmxuTMU,Rồi Ta Sẽ Ngắm Pháo Hoa Cùng Nhau,Olew,not_found,success,,,,2023-01-02,,"[{""market"": ""VN"", ""year"": 2023, ""quarter"": ""2023-Q1"", ""rank_stratum"": ""1-10""}, {""market"": ""VN"", ""year"": 2023, ""quarter"": ""2023-Q2"", ""rank_stratum"": ""11-20""}]"
4EaQ0ouIydfeAgQUz284EF,"People, Pt. 2",Agust D,not_found,success,,,,2023-04-07,,"[{""market"": ""VN"", ""year"": 2023, ""quarter"": ""2023-Q2"", ""rank_stratum"": ""1-10""}]"
2g68ePl7VMltuOiuSTAz7I,Để Anh Một Mình,RAP VIỆT,not_found,success,,,,2023-07-21,,"[{""market"": ""VN"", ""year"": 2023, ""quarter"": ""2023-Q2"", ""rank_stratum"": ""21-50""}]"
6HpkHTTwfVmSoopeloHqOp,Anh Là Ai?,RAP VIỆT,failed,failed,,,,2023-08-09,,"[{""market"": ""VN"", ""year"": 2023, ""quarter"": ""2023-Q3"", ""rank_stratum"": ""1-10""}]"
0x5BqH8iC2Y2lTMxAkNAna,Từ Chối Hiểu,RAP VIỆT,not_found,success,,,,2023-08-20,,"[{""market"": ""VN"", ""year"": 2023, ""quarter"": ""2023-Q3"", ""rank_stratum"": ""21-50""}]"
2OBZtEg8DXhICWYd6yvicf,Từ A Đến Z,RAP VIỆT,not_found,success,,,,2023-08-27,,"[{""market"": ""VN"", ""year"": 2023, ""quarter"": ""2023-Q4"", ""rank_stratum"": ""51+""}]"
7pqx5vF7DzkVtEdsXQ9iua,ĐẦU ĐỘI SỪNG,"ANH TRAI ""SAY HI""",not_found,success,,,,2024-08-06,,"[{""market"": ""VN"", ""year"": 2024, ""quarter"": ""2024-Q3"", ""rank_stratum"": ""21-50""}]"
5cn5oHiXJTLiuthgbgfkMh,Vet Mua,Vũ Cát Tường,not_found,success,,,,2014-01-01,,"[{""market"": ""VN"", ""year"": 2024, ""quarter"": ""2024-Q3"", ""rank_stratum"": ""51+""}, {""market"": ""VN"", ""year"": 2025, ""quarter"": ""2025-Q4"", ""rank_stratum"": ""21-50""}]"
4hdOYl6xm8ry6hZzn9pBqw,QUA TỪNG KHUNG HÌNH,RAP VIỆT,not_found,success,,,,2024-11-18,,"[{""market"": ""VN"", ""year"": 2024, ""quarter"": ""2024-Q4"", ""rank_stratum"": ""21-50""}]"
2a5hng9yXtbjtTVVm9UviC,Mo,Vũ Cát Tường,not_found,success,,,,2016-01-01,,"[{""market"": ""VN"", ""year"": 2024, ""quarter"": ""2024-Q4"", ""rank_stratum"": ""21-50""}, {""market"": ""VN"", ""year"": 2025, ""quarter"": ""2025-Q1"", ""rank_stratum"": ""21-50""}, {""market"": ""VN"", ""year"": 2025, ""quarter"": ""2025-Q4"", ""rank_stratum"": ""1-10""}, {""market"": ""VN"", ""year"": 2026, ""quarter"": ""2026-Q1"", ""rank_stratum"": ""11-20""}, {""market"": ""VN"", ""year"": 2026, ""quarter"": ""2026-Q2"", ""rank_stratum"": ""11-20""}]"
5YiNxgEQQTuFi5dKLxxjWm,CATCH ME IF YOU CAN,"ANH TRAI ""SAY HI""",not_found,success,,,,2024-08-06,,"[{""market"": ""VN"", ""year"": 2024, ""quarter"": ""2024-Q4"", ""rank_stratum"": ""21-50""}]"
0SNgVYcHY0UPil9YGmwU5k,CỨ ĐỔ TẠI CƠN MƯA,"EM XINH ""SAY HI""",not_found,success,,,,2025-08-11,,"[{""market"": ""VN"", ""year"": 2025, ""quarter"": ""2025-Q3"", ""rank_stratum"": ""21-50""}]"
4D1eaEIisnWCVPMnYuMh7q,漫步香港1999,白浩贤BlueC,not_found,success,,,,2024-04-15,,"[{""market"": ""VN"", ""year"": 2026, ""quarter"": ""2026-Q1"", ""rank_stratum"": ""11-20""}]"
15yC0BCinDyknKpjk0VLku,Tết Nhà Mình,Hoà Minzy,not_found,success,,,,2021-01-26,,"[{""market"": ""VN"", ""year"": 2026, ""quarter"": ""2026-Q1"", ""rank_stratum"": ""51+""}]"
6ag0c7tBr3PIqPb00C2rK4,NGƯỜI NHƯ ANH XỨNG ĐÁNG CÔ ĐƠN - KHÔNG ĐAU NỮA RỒI,VCT,not_found,success,,,,2026-02-16,,"[{""market"": ""VN"", ""year"": 2026, ""quarter"": ""2026-Q2"", ""rank_stratum"": ""21-50""}]"
0KA8tBqZ81mBe2po59GK5j,Trạng Thái Mộng Mơ,Đỗ Hoàng Long,not_found,success,,,,2026-02-05,,"[{""market"": ""VN"", ""year"": 2026, ""quarter"": ""2026-Q2"", ""rank_stratum"": ""51+""}]"
